"","Date","Colony","Ant.ID","Pair.ID","Ant.In.Pair","Time","Junction","Entered.From","Exited.Toward","Action..inspect.ignore.","Inspect","Num.Inspections","Node.From","Node.To","Num.Nodes.Passed","Type","Tip.Location","Distance.from.Trunk"
"1","6/21/21","21-SP3","1A","1","A",NA,"72",NA,NA,"inspect",TRUE,1,"7","7",18,"nest","B3",1
"2","6/21/21","21-SP3","1A","1","A",NA,"51",NA,NA,NA,FALSE,1,"50","50",22,"water","B0",3
"3","6/21/21","21-SP3","1A","1","A",NA,"321",NA,NA,NA,FALSE,1,"32","32",28,"nest","A2",5
"4","6/21/21","21-SP3","1A","1","A",NA,"322",NA,NA,NA,FALSE,1,"32","32",30,"tag","A3",5
"5","6/21/21","21-SP3","1B","1","B",NA,"2221",NA,NA,"inspect",TRUE,1,"222","222",24,"water","H2",9
"6","6/21/21","21-SP3","1B","1","B",NA,"2111",NA,NA,NA,FALSE,1,"211","211",30,"tag","G0",9
"7","6/21/21","21-SP3","1B","1","B",NA,"2121",NA,NA,NA,FALSE,1,"212","212",34,"water","G2",9
"8","6/21/21","21-SP3","1B","1","B",NA,"2122",NA,NA,NA,FALSE,1,"212","212",36,"sugar","G3",9
"9","6/22/21","21-SP3","2A","2","A","16:13","2222",NA,NA,"inspect (sugar drink)",TRUE,1,"222","222",7,"sugar","H3",9
"10","6/22/21","21-SP3","2A","2","A",NA,"2221",NA,NA,NA,FALSE,1,"222","222",9,"water","H2",9
"11","6/22/21","21-SP3","2A","2","A",NA,"2112",NA,NA,"inspect",TRUE,2,"211","211",15,"nest","G1",9
"12","6/22/21","21-SP3","2A","2","A",NA,"2111",NA,NA,"inspect (nothing there)",TRUE,3,"211","211",17,"tag","G0",9
"13","6/22/21","21-SP3","2A","2","A",NA,"1222",NA,NA,"inpsect (nothing)",FALSE,3,"122","122",27,"tag","D3",7
"14","6/22/21","21-SP3","2A","2","A",NA,"1212",NA,NA,NA,FALSE,3,"121","121",31,"sugar","D1",7
"15","6/22/21","21-SP3","2A","2","A",NA,"1122",NA,NA,"inspect",TRUE,4,"112","112",38,"sugar","C3",7
"16","6/22/21","21-SP3","2A","2","A",NA,"1222",NA,NA,"inpsect (nothing)",FALSE,4,"122","122",45,"tag","D3",7
"17","6/22/21","21-SP3","2A","2","A",NA,"1221",NA,NA,"inspect",TRUE,5,"122","122",47,"nest","D2",7
"18","6/22/21","21-SP3","2A","2","A",NA,"1222",NA,NA,NA,FALSE,5,"122","122",49,"tag","D3",7
"19","6/22/21","21-SP3","2A","2","A","16:19","52",NA,NA,"inspect (crawling around sugar tube 50+ times)",TRUE,6,"50","-1",57,"sugar","B1",3
"20","6/22/21","21-SP3","2B","2","B",NA,"2222",NA,NA,NA,FALSE,0,"222","222",7,"sugar","H3",9
"21","6/23/21","21-SP3","3A","3","A",NA,"322",NA,NA,"inspect",TRUE,1,"32","32",8,"tag","A3",5
"22","6/23/21","21-SP3","3A","3","A","15:22","312",NA,NA,"inspect",TRUE,2,"31","31",14,"sugar","A1",5
"23","6/23/21","21-SP3","3A","3","A",NA,"322",NA,NA,NA,FALSE,2,"32","32",18,"tag","A3",5
"24","6/23/21","21-SP3","3B","3","B",NA,"2212",NA,NA,"inspect (nest, went fast up and down)",TRUE,1,"221","221",9,"nest","H1",9
"25","6/23/21","21-SP3","3B","3","B",NA,"2211",NA,NA,NA,FALSE,1,"221","221",11,"tag","H0",9
"26","6/23/21","21-SP3","4A","4","A",NA,"2111",NA,NA,NA,FALSE,0,"211","211",23,"tag","G0",9
"27","6/23/21","21-SP3","4B","4","B",NA,"2222",NA,NA,NA,FALSE,0,"222","222",18,"sugar","H3",9
"28","6/23/21","21-SP3","4B","4","B",NA,"2221",NA,NA,"inspect",TRUE,1,"222","222",20,"water","H2",9
"29","6/23/21","21-SP3","4B","4","B",NA,"2222",NA,NA,"inspect",TRUE,2,"222","222",22,"sugar","H3",9
"30","6/24/21","21-SP3","5A","5","A",NA,"2221",NA,NA,"inspect",TRUE,1,"222","222",46,"water","H2",9
"31","6/24/21","21-SP3","5A","5","A",NA,"61",NA,NA,NA,FALSE,1,"60","60",56,"water","F2",9
"32","6/24/21","21-SP3","5A","5","A",NA,"62",NA,NA,NA,FALSE,1,"60","60",58,"sugar","F3",9
"33","6/24/21","21-SP3","5A","5","A",NA,"421",NA,NA,NA,FALSE,1,"42","42",64,"water","E2",9
"34","6/24/21","21-SP3","5A","5","A",NA,"422",NA,NA,NA,FALSE,1,"42","42",66,"sugar","E3",9
"35","6/24/21","21-SP3","6A","6","A",NA,"322",NA,NA,"inspect (tag)",TRUE,1,"32","32",47,"tag","A3",5
"36","6/24/21","21-SP3","6A","6","A",NA,"72",NA,NA,NA,FALSE,1,"7","71",53,"nest","B3",1
"37","6/24/21","21-SP3","6A","6","A",NA,"71",NA,NA,"inspect (trunk)",TRUE,2,"72","7",54,"trunk","B2",0
"38","6/24/21","21-SP3","6A","6","A",NA,"52",NA,NA,"inspect",TRUE,3,"50","50",59,"sugar","B1",3
"39","6/24/21","21-SP3","6A","6","A",NA,"51",NA,NA,NA,FALSE,3,"50","50",61,"water","B0",3
"40","6/24/21","21-SP3","6B","6","B",NA,"51",NA,NA,"inspect (vitamin and water)",TRUE,1,"50","50",20,"water","B0",3
"41","6/24/21","21-SP3","6B","6","B",NA,"52",NA,NA,NA,FALSE,1,"50","50",22,"sugar","B1",3
"42","6/24/21","21-SP3","6B","6","B",NA,"71",NA,NA,"inspect (trunk)",TRUE,2,"7","7",26,"trunk","B2",0
"43","6/24/21","21-SP3","6B","6","B","16:00","72",NA,NA,"inspect (nest, went all the way inside and down the tube)",TRUE,3,"7","7",28,"nest","B3",1
"44","6/24/21","21-SP3","6B","6","B",NA,"72",NA,NA,NA,FALSE,3,"7","7",30,"nest","B3",1
"45","6/24/21","21-SP3","6B","6","B","16:03","51",NA,NA,"inspect (2nd time)",TRUE,4,"50","50",48,"water","B0",3
"46","6/24/21","21-SP3","6B","6","B",NA,"52",NA,NA,NA,FALSE,4,"50","50",50,"sugar","B1",3
"47","6/24/21","21-SP3","6B","6","B",NA,"72",NA,NA,NA,FALSE,4,"7","7",55,"nest","B3",1
"48","6/24/21","21-SP3","6B","6","B",NA,"72",NA,NA,NA,FALSE,4,"7","7",58,"nest","B3",1
"49","6/24/21","21-SP3","7A","7","A",NA,"61",NA,NA,"inspect (vitamin)",TRUE,1,"60","60",33,"water","F2",9
"50","6/24/21","21-SP3","7A","7","A",NA,"62",NA,NA,NA,FALSE,1,"60","60",35,"sugar","F3",9
"51","6/24/21","21-SP3","7A","7","A",NA,"2111",NA,NA,NA,FALSE,1,"211","211",43,"tag","G0",9
"52","6/24/21","21-SP3","7A","7","A",NA,"2112",NA,NA,NA,FALSE,1,"211","211",45,"nest","G1",9
"53","6/24/21","21-SP3","7A","7","A",NA,"2122",NA,NA,NA,FALSE,1,"212","212",49,"sugar","G3",9
"54","6/24/21","21-SP3","7B","7","B",NA,"311",NA,NA,NA,FALSE,0,"31","31",27,"water","A0",5
"55","6/24/21","21-SP3","7B","7","B",NA,"312",NA,NA,NA,FALSE,0,"31","31",29,"sugar","A1",5
"56","6/24/21","21-SP3","7B","7","B",NA,"321",NA,NA,NA,FALSE,0,"32","32",33,"nest","A2",5
"57","6/24/21","21-SP3","7B","7","B",NA,"322",NA,NA,"inspect (tag)",TRUE,1,"32","32",35,"tag","A3",5
"58","6/24/21","21-SP3","7B","7","B","16:56","321",NA,NA,"inspect (nest, went inside)",TRUE,2,"32","32",37,"nest","A2",5
"59","6/24/21","21-SP3","7B","7","B",NA,"312",NA,NA,NA,FALSE,2,"31","31",42,"sugar","A1",5
"60","6/24/21","21-SP3","7B","7","B","16:58","311",NA,NA,"inspect (vitamin and water)",TRUE,3,"31","31",46,"water","A0",5
"61","6/24/21","21-SP3","7B","7","B",NA,"312",NA,NA,NA,FALSE,3,"31","31",48,"sugar","A1",5
"62","6/24/21","21-SP3","7B","7","B",NA,"322",NA,NA,NA,FALSE,3,"32","32",53,"tag","A3",5
"63","6/25/21","21-SP3","8A","8","A","14:39","71",NA,NA,"inspect (trunk + ground)",TRUE,1,"7","ground",15,"trunk","B2",0
"64","6/25/21","21-SP3","8B","8","B",NA,"2221",NA,NA,NA,FALSE,0,"222","222",50,"water","H2",9
"65","6/25/21","21-SP3","8B","8","B","15:02","2222",NA,NA,"inspect (sugar + pollen)",TRUE,1,"222","222",52,"sugar","H3",9
"66","6/25/21","21-SP3","8B","8","B",NA,"322",NA,NA,"inspect (blank)",TRUE,2,"32","32",65,"tag","A3",5
"67","6/25/21","21-SP3","8B","8","B",NA,"321",NA,NA,"inspect (nest)",TRUE,3,"32","32",67,"nest","A2",5
"68","6/25/21","21-SP3","8B","8","B","15:05","311",NA,NA,"inspect (vitamin and water)",TRUE,4,"31","31",71,"water","A0",5
"69","6/28/21","21-MW3","1A","1","A","15:56","71",NA,NA,"inspect (trunk)",TRUE,1,"7","7",6,"trunk","B2",0
"70","6/28/21","21-MW3","1A","1","A","15:57","71",NA,NA,"inspect (trunk)",TRUE,2,"7","7",9,"trunk","B2",0
"71","6/28/21","21-MW3","1A","1","A",NA,"71",NA,NA,NA,FALSE,2,"7","7",14,"trunk","B2",0
"72","6/28/21","21-MW3","1A","1","A",NA,"72",NA,NA,NA,FALSE,2,"7","7",16,"nest","B3",1
"73","6/28/21","21-MW3","1A","1","A","15:59","71",NA,NA,"inspect (trunk)",TRUE,3,"7","7",22,"trunk","B2",0
"74","6/28/21","21-MW3","1A","1","A",NA,"72",NA,NA,"inspect (nest)",TRUE,4,"7","7",24,"nest","B3",1
"75","6/28/21","21-MW3","1A","1","A",NA,"312",NA,NA,NA,FALSE,4,"31","31",33,"sugar","A1",5
"76","6/28/21","21-MW3","1A","1","A",NA,"322",NA,NA,"inspect (tag)",TRUE,5,"32","32",37,"tag","A3",5
"77","6/28/21","21-MW3","1A","1","A",NA,"322",NA,NA,NA,FALSE,5,"32","32",39,"tag","A3",5
"78","6/28/21","21-MW3","1B","1","B","16:07","1121",NA,NA,"inspect (vitamin and water)",TRUE,1,"112","112",6,"water","C2",7
"79","6/28/21","21-MW3","1B","1","B","16:09","1221",NA,NA,"inspect (nest)",TRUE,2,"122","122",16,"nest","D2",7
"80","6/28/21","21-MW3","1B","1","B",NA,"1212",NA,NA,NA,FALSE,2,"121","1211",20,"sugar","D1",7
"81","6/28/21","21-MW3","1B","1","B","16:11","1211",NA,NA,"inspect (vitamin and water)",TRUE,3,"1212","121",21,"water","D0",7
"82","6/28/21","21-MW3","1B","1","B","16:12","1122",NA,NA,"inspect (pollen and sugar)",TRUE,4,"112","112",27,"sugar","C3",7
"83","6/28/21","21-MW3","1B","1","B","16:13","1121",NA,NA,"inspect (vitamin and water)",TRUE,5,"112","112",29,"water","C2",7
"84","6/28/21","21-MW3","1B","1","B","16:15","1212",NA,NA,"inspect (pollen and sugar)",TRUE,6,"121","121",35,"sugar","D1",7
"85","6/28/21","21-MW3","1B","1","B","16:16","72",NA,NA,"inspect (nest)",TRUE,7,"7","7",45,"nest","B3",1
"86","6/28/21","21-MW3","1B","1","B","16:17","71",NA,"7","inspect (trunk)",TRUE,8,"7","7",47,"trunk","B2",0
"87","6/28/21","21-MW3","1B","1","B","16:22","71","7",NA,NA,FALSE,8,"7","71",48,"trunk","B2",0
"88","6/28/21","21-MW3","1B","1","B","16:28","71",NA,NA,"end video",FALSE,8,"71","-1",49,"trunk","B2",0
"89","6/29/21","21-MW3","2A","2","A",NA,"311",NA,NA,NA,FALSE,0,"31","31",6,"water","A0",5
"90","6/29/21","21-MW3","2A","2","A",NA,"312",NA,NA,NA,FALSE,0,"31","31",8,"sugar","A1",5
"91","6/29/21","21-MW3","2A","2","A","15:16","321",NA,NA,"inspect (nest)",TRUE,1,"32","32",12,"nest","A2",5
"92","6/29/21","21-MW3","2A","2","A","15:25","51",NA,NA,"inspect (water and vitamin)",TRUE,2,"50","50",18,"water","B0",3
"93","6/29/21","21-MW3","2A","2","A",NA,"52",NA,NA,NA,FALSE,2,"50","50",20,"sugar","B1",3
"94","6/29/21","21-MW3","2A","2","A","15:31","71",NA,NA,"inspect (trunk)",TRUE,3,"7","71",24,"trunk","B2",0
"95","6/29/21","21-MW3","2A","2","A","15:34","71",NA,NA,"end of video",FALSE,3,"71","-1",25,"trunk","B2",0
"96","6/29/21","21-MW3","2B","2","B","15:47","71",NA,NA,"inspect (trunk)",TRUE,1,"7","7",17,"trunk","B2",0
"97","6/29/21","21-MW3","2B","2","B",NA,"52",NA,NA,NA,FALSE,1,"50","50",21,"sugar","B1",3
"98","6/29/21","21-MW3","2B","2","B",NA,"51",NA,NA,NA,FALSE,1,"50","50",23,"water","B0",3
"99","6/29/21","21-MW3","2B","2","B","15:49","321",NA,NA,"inspect (nest)",TRUE,2,"32","32",29,"nest","A2",5
"100","6/29/21","21-MW3","2B","2","B",NA,"321",NA,NA,"inspect (nest)",TRUE,3,"32","32",31,"nest","A2",5
"101","6/29/21","21-MW3","2B","2","B",NA,"312",NA,NA,NA,FALSE,3,"31","31",38,"sugar","A1",5
"102","6/29/21","21-MW3","2B","2","B",NA,"321",NA,NA,NA,FALSE,3,"32","32",42,"nest","A2",5
"103","6/29/21","21-MW3","2B","2","B","15:52","322",NA,NA,"inspect (tag)",TRUE,4,"32","32",44,"tag","A3",5
"104","6/30/21","21-MW3","3A","3","A",NA,"72",NA,NA,NA,FALSE,0,"7","7",6,"nest","B3",1
"105","6/30/21","21-MW3","3A","3","A",NA,"71",NA,NA,"inspect",TRUE,1,"7","7",20,"trunk","B2",0
"106","6/30/21","21-MW3","3A","3","A",NA,"52",NA,NA,NA,FALSE,1,"50","50",24,"sugar","B1",3
"107","6/30/21","21-MW3","3A","3","A",NA,"51",NA,NA,"inspect",TRUE,2,"50","50",26,"water","B0",3
"108","6/30/21","21-MW3","3B","3","B",NA,"1211",NA,NA,"inspect",TRUE,1,"121","121",7,"water","D0",7
"109","6/30/21","21-MW3","3B","3","B",NA,"1212",NA,NA,"inspect",TRUE,2,"121","121",9,"sugar","D1",7
"110","6/30/21","21-MW3","3B","3","B",NA,"1211",NA,NA,"inspect",TRUE,3,"121","121",11,"water","D0",7
"111","6/30/21","21-MW3","3B","3","B",NA,"72",NA,NA,"inspect",TRUE,4,"7","7",19,"nest","B3",1
"112","6/30/21","21-MW3","3B","3","B",NA,"71",NA,NA,"inspect",TRUE,5,"7","7",22,"trunk","B2",0
"113","6/30/21","21-MW3","3B","3","B",NA,"52",NA,NA,"inspect",TRUE,6,"50","50",26,"sugar","B1",3
"114","6/30/21","21-MW3","3B","3","B",NA,"51",NA,NA,"inspect",TRUE,7,"50","50",28,"water","B0",3
"115","6/30/21","21-MW3","3B","3","B",NA,"321",NA,NA,NA,FALSE,7,"32","32",38,"nest","A2",5
"116","6/30/21","21-MW3","3B","3","B",NA,"322",NA,NA,"inspect",TRUE,8,"32","32",40,"tag","A3",5
"117","6/30/21","21-MW3","3B","3","B",NA,"52",NA,NA,NA,FALSE,8,"50","50",46,"sugar","B1",3
"118","6/30/21","21-MW3","3B","3","B",NA,"51",NA,NA,"inspect",TRUE,9,"50","50",48,"water","B0",3
"119","6/30/21","21-MW3","3B","3","B",NA,"322",NA,NA,NA,FALSE,9,"32","32",54,"tag","A3",5
"120","6/30/21","21-MW3","3B","3","B",NA,"312",NA,NA,"inspect",TRUE,10,"31","31",60,"sugar","A1",5
"121","6/30/21","21-MW3","3B","3","B",NA,"311",NA,NA,"inspect",TRUE,11,"31","31",62,"water","A0",5
"122","6/30/21","21-MW3","3B","3","B",NA,"311",NA,NA,"inspect",TRUE,12,"31","31",65,"water","A0",5
"123","6/30/21","21-MW3","3B","3","B",NA,"312",NA,NA,"walk between platforms",FALSE,12,"31","31",67,"sugar","A1",5
"124","6/30/21","21-MW3","3B","3","B",NA,"312",NA,NA,"inspect",TRUE,13,"31","31",70,"sugar","A1",5
"125","6/30/21","21-MW3","3B","3","B",NA,"321",NA,"32","inspect",TRUE,14,"32","32",74,"nest","A2",5
"126","6/30/21","21-MW3","3B","3","B",NA,"321","32",NA,NA,FALSE,14,"32","32",75,"nest","A2",5
"127","6/30/21","21-MW3","3B","3","B",NA,"311",NA,NA,NA,FALSE,14,"31","31",79,"water","A0",5
"128","6/30/21","21-MW3","3B","3","B",NA,"312",NA,NA,"inspect",TRUE,15,"31","31",81,"sugar","A1",5
"129","6/30/21","21-MW3","3B","3","B",NA,"311",NA,NA,NA,FALSE,15,"31","31",83,"water","A0",5
"130","07/01/21","21-MW3","4A","4","A",NA,"51",NA,NA,"inspect",TRUE,1,"50","50",11,"water","B0",3
"131","07/01/21","21-MW3","4B","4","B",NA,"1111",NA,NA,"inspect",TRUE,1,"111","111",13,"tag","C0",7
"132","07/01/21","21-MW3","4B","4","B",NA,"1112",NA,NA,"inspect",TRUE,2,"111","111",15,"nest","C1",7
"133","07/01/21","21-MW3","4B","4","B",NA,"1111",NA,NA,"inspect",TRUE,3,"111","111",19,"tag","C0",7
"134","07/01/21","21-MW3","4B","4","B",NA,"1112",NA,NA,"inspect",TRUE,4,"111","111",21,"nest","C1",7
"135","07/01/21","21-MW3","4B","4","B",NA,"1111",NA,NA,"inspect",TRUE,5,"111","111",24,"tag","C0",7
"136","07/01/21","21-MW3","4B","4","B",NA,"1112",NA,NA,NA,FALSE,5,"111","111",26,"nest","C1",7
"137","07/01/21","21-MW3","5A","5","A",NA,"2222",NA,NA,"inspect",TRUE,1,"222","222",37,"sugar","H3",9
"138","07/01/21","21-MW3","5A","5","A",NA,"2221",NA,NA,NA,FALSE,1,"222","222",39,"water","H2",9
"139","07/01/21","21-MW3","5A","5","A",NA,"311",NA,NA,"inspect",TRUE,2,"31","31",53,"water","A0",5
"140","07/01/21","21-MW3","5A","5","A",NA,"2111",NA,NA,"inspection",TRUE,3,"211","211",63,"tag","G0",9
"141","07/01/21","21-MW3","5B","5","B",NA,"2221",NA,NA,"inspect",TRUE,1,"222","222",10,"water","H2",9
"142","07/01/21","21-MW3","5B","5","B",NA,"2222",NA,NA,"inspect",TRUE,2,"222","222",12,"sugar","H3",9
"143","07/01/21","21-MW3","5B","5","B",NA,"321",NA,NA,NA,FALSE,2,"32","32",26,"nest","A2",5
"144","07/01/21","21-MW3","5B","5","B",NA,"312",NA,NA,"inspect",TRUE,3,"31","31",30,"sugar","A1",5
"145","07/01/21","21-MW3","5B","5","B",NA,"311",NA,NA,"inspect",TRUE,4,"31","31",32,"water","A0",5
"146","07/02/21","21-MW3","6A","6","A",NA,"61",NA,NA,NA,FALSE,0,"60","60",16,"water","F2",9
"147","07/02/21","21-MW3","6A","6","A",NA,"1211",NA,NA,"inspect (water +vitamin)",TRUE,1,"121","121",52,"water","D0",7
"148","07/02/21","21-MW3","6A","6","A",NA,"1212",NA,NA,NA,FALSE,1,"121","121",54,"sugar","D1",7
"149","7/2/21","21-MW3","6B","6","B",NA,"1122",NA,NA,NA,FALSE,0,"112","112",31,"sugar","C3",7
"150","7/2/21","21-MW3","6B","6","B","14:45","1221",NA,NA,"inspect (nest)",TRUE,1,"122","122",37,"nest","D2",7
"151","7/2/21","21-MW3","6B","6","B",NA,"1121",NA,NA,NA,FALSE,1,"112","112",44,"water","C2",7
"152","7/2/21","21-MW3","6B","6","B",NA,"1122",NA,NA,NA,FALSE,1,"112","112",46,"sugar","C3",7
"153","7/2/21","21-MW3","6B","6","B","14:48","1122",NA,NA,"inspect (sugar + pollen)",TRUE,2,"112","112",48,"sugar","C3",7
"154","7/2/21","21-MW3","6B","6","B",NA,"1222",NA,NA,NA,FALSE,2,"122","122",54,"tag","D3",7
"155","7/2/21","21-MW3","6B","6","B",NA,"1221",NA,NA,NA,FALSE,2,"122","122",56,"nest","D2",7
"156","7/2/21","21-MW3","6B","6","B",NA,"1222",NA,NA,NA,FALSE,2,"122","122",58,"tag","D3",7
"157","7/2/21","21-MW3","7A","7","A","16:08","322",NA,NA,"inspect (roi)",TRUE,1,"32","32",6,"tag","A3",5
"158","7/2/21","21-MW3","7A","7","A",NA,"321",NA,NA,NA,FALSE,1,"32","32",8,"nest","A2",5
"159","7/2/21","21-MW3","7A","7","A","16:09","322",NA,NA,"inspect (roi)",TRUE,2,"32","32",10,"tag","A3",5
"160","7/2/21","21-MW3","7A","7","A","16:10","71",NA,NA,"inspect (trunk)",TRUE,3,"7","7",17,"trunk","B2",0
"161","7/2/21","21-MW3","7A","7","A","16:14","72",NA,NA,"inspect (nest)",TRUE,4,"7","7",19,"nest","B3",1
"162","7/2/21","21-MW3","7A","7","A",NA,"71",NA,NA,NA,FALSE,4,"7","7",21,"trunk","B2",0
"163","7/2/21","21-MW3","7A","7","A",NA,"2121",NA,NA,NA,FALSE,4,"212","212",38,"water","G2",9
"164","7/2/21","21-MW3","7A","7","A","16:18","2111",NA,NA,"inspect (roi)",TRUE,5,"211","211",42,"tag","G0",9
"165","7/2/21","21-MW3","7A","7","A",NA,"421",NA,NA,NA,FALSE,5,"42","42",51,"water","E2",9
"166","7/2/21","21-MW3","7A","7","A",NA,"412",NA,NA,"inspect (nest)",TRUE,6,"41","41",55,"nest","E1",9
"167","7/2/21","21-MW3","7B","7","B","16:33","51",NA,NA,"inspect (water + vitamin)",TRUE,1,"50","50",6,"water","B0",3
"168","7/2/21","21-MW3","7B","7","B","16:34","52",NA,NA,"inspect (sugar + pollen)",TRUE,2,"50","50",8,"sugar","B1",3
"169","7/2/21","21-MW3","7B","7","B","16:35","71",NA,NA,"inspect (trunk)",TRUE,3,"7","7",12,"trunk","B2",0
"170","7/2/21","21-MW3","7B","7","B",NA,"72",NA,NA,NA,FALSE,3,"7","7",14,"nest","B3",1
"171","7/2/21","21-MW3","7B","7","B",NA,"51",NA,NA,NA,FALSE,3,"50","50",18,"water","B0",3
"172","7/6/21","21-BA2","1A","1","A",NA,"2211",NA,NA,"inspect",TRUE,1,"221","221",6,"tag","H0",9
"173","7/6/21","21-BA2","1A","1","A",NA,"2212",NA,NA,NA,FALSE,1,"221","221",8,"nest","H1",9
"174","7/6/21","21-BA2","1A","1","A",NA,"51",NA,NA,"inspect",TRUE,2,"50","50",46,"water","B0",3
"175","7/6/21","21-BA2","1A","1","A",NA,"71",NA,NA,NA,FALSE,2,"7","7",50,"trunk","B2",0
"176","7/6/21","21-BA2","1A","1","A",NA,"72",NA,NA,NA,FALSE,2,"7","7",52,"nest","B3",1
"177","7/6/21","21-BA2","1A","1","A",NA,"311",NA,NA,NA,FALSE,2,"31","31",64,"water","A0",5
"178","7/6/21","21-BA2","1A","1","A",NA,"312",NA,NA,"inspect",TRUE,3,"31","31",66,"sugar","A1",5
"179","7/6/21","21-BA2","1A","1","A",NA,"311",NA,NA,NA,FALSE,3,"31","31",68,"water","A0",5
"180","7/6/21","21-BA2","1A","1","A",NA,"311",NA,NA,NA,FALSE,3,"31","31",70,"water","A0",5
"181","7/6/21","21-BA2","1B","1","B",NA,"72",NA,NA,"inspection (only after 1 minute start)",TRUE,1,"7","7",6,"nest","B3",1
"182","7/6/21","21-BA2","1B","1","B",NA,"71",NA,NA,"inspection",TRUE,2,"7","7",8,"trunk","B2",0
"183","7/6/21","21-BA2","1B","1","B",NA,"51",NA,NA,NA,FALSE,2,"50","50",12,"water","B0",3
"184","7/6/21","21-BA2","1B","1","B",NA,"51",NA,NA,NA,FALSE,2,"50","50",14,"water","B0",3
"185","7/6/21","21-BA2","1B","1","B",NA,"51",NA,NA,NA,FALSE,2,"50","50",16,"water","B0",3
"186","7/6/21","21-BA2","1B","1","B",NA,"52",NA,NA,NA,FALSE,2,"50","50",18,"sugar","B1",3
"187","7/6/21","21-BA2","1B","1","B",NA,"51",NA,NA,NA,FALSE,2,"50","50",20,"water","B0",3
"188","7/6/21","21-BA2","1B","1","B",NA,"52",NA,NA,NA,FALSE,2,"50","50",22,"sugar","B1",3
"189","7/7/21","21-BA2","2A","2","A",NA,"72",NA,NA,"inspect",TRUE,1,"7","7",10,"nest","B3",1
"190","7/7/21","21-BA2","2A","2","A",NA,"71",NA,NA,"inspect",TRUE,2,"7","7",12,"trunk","B2",0
"191","7/7/21","21-BA2","2A","2","A",NA,"72",NA,NA,"inspect",TRUE,3,"7","7",14,"nest","B3",1
"192","7/7/21","21-BA2","2A","2","A","14:36","411",NA,NA,"inspection",TRUE,4,"41","-1",25,"empty","E0",9
"193","7/7/21","21-BA2","2B","2","B",NA,"82",NA,NA,NA,FALSE,0,"8","8",19,"nest","F1",9
"194","7/7/21","21-BA2","2B","2","B",NA,"81",NA,NA,"inspect",TRUE,1,"8","8",21,"tag","F0",9
"195","7/7/21","21-BA2","2B","2","B",NA,"61",NA,NA,"inspect",TRUE,2,"60","60",25,"water","F2",9
"196","7/7/21","21-BA2","2B","2","B",NA,"62",NA,NA,NA,FALSE,2,"60","60",27,"sugar","F3",9
"197","7/7/21","21-BA2","2B","2","B",NA,"2111",NA,NA,NA,FALSE,2,"211","211",44,"tag","G0",9
"198","7/7/21","21-BA2","3A","3","A",NA,"1211",NA,NA,NA,FALSE,0,"121","121",6,"water","D0",7
"199","7/7/21","21-BA2","3A","3","A",NA,"2121",NA,NA,"inspect",TRUE,1,"212","212",20,"water","G2",9
"200","7/7/21","21-BA2","3A","3","A",NA,"2122",NA,NA,"inspect",TRUE,2,"212","212",22,"sugar","G3",9
"201","7/7/21","21-BA2","3A","3","A",NA,"2121",NA,NA,"inspect",TRUE,3,"212","212",25,"water","G2",9
"202","7/7/21","21-BA2","3A","3","A",NA,"2112",NA,NA,"inspect",TRUE,4,"211","211",29,"nest","G1",9
"203","7/7/21","21-BA2","3A","3","A",NA,"2111",NA,NA,NA,FALSE,4,"211","211",31,"tag","G0",9
"204","7/7/21","21-BA2","3A","3","A",NA,"2121",NA,NA,NA,FALSE,4,"212","212",42,"water","G2",9
"205","7/7/21","21-BA2","3A","3","A",NA,"2212",NA,NA,"inspect",TRUE,5,"221","221",60,"nest","H1",9
"206","7/7/21","21-BA2","3A","3","A",NA,"2212",NA,NA,"inspect",TRUE,6,"221","221",63,"nest","H1",9
"207","7/7/21","21-BA2","3A","3","A",NA,"2211",NA,NA,NA,FALSE,6,"221","221",65,"tag","H0",9
"208","7/7/21","21-BA2","3A","3","A",NA,"2212",NA,NA,NA,FALSE,6,"221","221",67,"nest","H1",9
"209","7/7/21","21-BA2","3A","3","A",NA,"2121",NA,NA,NA,FALSE,6,"212","212",79,"water","G2",9
"210","7/7/21","21-BA2","3A","3","A",NA,"2211",NA,NA,NA,FALSE,6,"221","221",95,"tag","H0",9
"211","7/7/21","21-BA2","3A","3","A",NA,"2212",NA,NA,NA,FALSE,6,"221","221",97,"nest","H1",9
"212","7/7/21","21-BA2","3A","3","A",NA,"2221",NA,NA,"inspect",TRUE,7,"222","222",101,"water","H2",9
"213","7/7/21","21-BA2","3B","3","B",NA,"71",NA,NA,"inspect",TRUE,1,"7","7",16,"trunk","B2",0
"214","7/7/21","21-BA2","3B","3","B",NA,"52",NA,NA,"inspect",TRUE,2,"50","50",20,"sugar","B1",3
"215","7/7/21","21-BA2","3B","3","B",NA,"51",NA,NA,"inspect",TRUE,3,"50","50",22,"water","B0",3
"216","7/7/21","21-BA2","3B","3","B",NA,"321",NA,NA,NA,FALSE,3,"32","32",29,"nest","A2",5
"217","7/8/21","21-BA2","4A","4","A",NA,"71",NA,NA,"inspect",TRUE,1,"7","7",6,"trunk","B2",0
"218","7/8/21","21-BA2","4A","4","A",NA,"52",NA,NA,"inspect",TRUE,2,"50","50",10,"sugar","B1",3
"219","7/8/21","21-BA2","4A","4","A",NA,"72",NA,NA,"inspect",TRUE,3,"7","7",14,"nest","B3",1
"220","7/8/21","21-BA2","4A","4","A",NA,"2111",NA,NA,NA,FALSE,3,"211","211",24,"tag","G0",9
"221","7/8/21","21-BA2","4A","4","A",NA,"2211",NA,NA,"inspect",TRUE,4,"221","221",30,"tag","H0",9
"222","7/8/21","21-BA2","4A","4","A",NA,"2222",NA,NA,NA,FALSE,4,"222","222",34,"sugar","H3",9
"223","7/8/21","21-BA2","4A","4","A",NA,"2221",NA,NA,NA,FALSE,4,"222","222",36,"water","H2",9
"224","7/8/21","21-BA2","4A","4","A",NA,"2212",NA,NA,"inspect",TRUE,5,"221","221",40,"nest","H1",9
"225","7/8/21","21-BA2","4A","4","A","14:37","2222",NA,NA,"inspect, video ended",TRUE,6,"222","-1",44,"sugar","H3",9
"226","7/8/21","21-BA2","4B","4","B",NA,"72",NA,NA,"inspect",TRUE,1,"7","7",6,"nest","B3",1
"227","7/8/21","21-BA2","4B","4","B",NA,"1222",NA,NA,NA,FALSE,1,"122","122",26,"tag","D3",7
"228","7/8/21","21-BA2","5A","5","A",NA,"1111",NA,NA,"inspect",TRUE,1,"111","111",8,"tag","C0",7
"229","7/8/21","21-BA2","5A","5","A",NA,"321",NA,NA,"inspect",TRUE,2,"32","32",17,"nest","A2",5
"230","7/8/21","21-BA2","5A","5","A",NA,"322",NA,NA,"inspect",TRUE,3,"32","32",19,"tag","A3",5
"231","7/8/21","21-BA2","5A","5","A",NA,"51",NA,NA,NA,FALSE,3,"50","50",25,"water","B0",3
"232","7/8/21","21-BA2","5A","5","A",NA,"52",NA,NA,"inspect",TRUE,4,"50","50",27,"sugar","B1",3
"233","7/8/21","21-BA2","5A","5","A",NA,"71",NA,NA,"inspect",TRUE,5,"7","ground",31,"trunk","B2",0
"234","7/8/21","21-BA2","5B","5","B",NA,"2121",NA,NA,NA,FALSE,0,"212","212",10,"water","G2",9
"235","7/8/21","21-BA2","5B","5","B",NA,"1111",NA,NA,"inspect",TRUE,1,"111","111",22,"tag","C0",7
"236","7/8/21","21-BA2","5B","5","B",NA,"312",NA,NA,"inspect",TRUE,2,"31","31",31,"sugar","A1",5
"237","7/8/21","21-BA2","5B","5","B",NA,"311",NA,NA,NA,FALSE,2,"31","31",33,"water","A0",5
"238","7/8/21","21-BA2","5B","5","B",NA,"1121",NA,NA,NA,FALSE,2,"112","112",48,"water","C2",7
"239","7/8/21","21-BA2","5B","5","B",NA,"1121",NA,NA,"inspect",TRUE,3,"112","112",50,"water","C2",7
"240","7/8/21","21-BA2","5B","5","B",NA,"322",NA,NA,"inspect",TRUE,4,"32","32",65,"tag","A3",5
"241","7/8/21","21-BA2","5B","5","B",NA,"321",NA,NA,NA,FALSE,4,"32","32",67,"nest","A2",5
"242","7/9/21","21-BA2","6A","6","A","14:17","2212",NA,NA,"inspect (nest)",TRUE,1,"221","221",17,"nest","H1",9
"243","7/9/21","21-BA2","6A","6","A",NA,"2211",NA,NA,NA,FALSE,1,"221","221",19,"tag","H0",9
"244","7/9/21","21-BA2","6B","6","B",NA,"311",NA,NA,NA,FALSE,0,"31","31",6,"water","A0",5
"245","7/9/21","21-BA2","6B","6","B",NA,"312",NA,NA,NA,FALSE,0,"31","31",8,"sugar","A1",5
"246","7/9/21","21-BA2","6B","6","B","14:26","322",NA,NA,"inspect (ROI platform)",TRUE,1,"32","32",12,"tag","A3",5
"247","7/9/21","21-BA2","6B","6","B","14:26","321",NA,NA,"inspect (nest)",TRUE,2,"32","32",14,"nest","A2",5
"248","7/9/21","21-BA2","6B","6","B","14:27","322",NA,NA,"inspect (ROI platform)",TRUE,3,"32","32",16,"tag","A3",5
"249","7/9/21","21-BA2","6B","6","B","14:27","321",NA,NA,"inspect (nest)",TRUE,4,"32","32",18,"nest","A2",5
"250","7/9/21","21-BA2","7A","7","A",NA,"2222",NA,NA,"inspect",TRUE,1,"222","222",14,"sugar","H3",9
"251","7/9/21","21-BA2","7B","7","B",NA,"311",NA,NA,NA,FALSE,0,"31","31",13,"water","A0",5
"252","7/9/21","21-BA2","7B","7","B",NA,"2211",NA,NA,NA,FALSE,0,"221","221",24,"tag","H0",9
"253","7/9/21","21-BA2","7B","7","B",NA,"2212",NA,NA,"inspect",TRUE,1,"221","221",26,"nest","H1",9
"254","7/9/21","21-BA2","7B","7","B",NA,"2211",NA,NA,NA,FALSE,1,"221","221",30,"tag","H0",9
"255","7/9/21","21-BA2","7B","7","B",NA,"2212",NA,NA,"inspect",TRUE,2,"221","221",32,"nest","H1",9
"256","7/9/21","21-BA2","7B","7","B",NA,"2211",NA,NA,"inspect",TRUE,3,"221","221",34,"tag","H0",9
"257","7/12/21","21-SP2","1A","1","A",NA,"72",NA,NA,"inspect",TRUE,1,"7","7",6,"nest","B3",1
"258","7/12/21","21-SP2","1A","1","A",NA,"71",NA,NA,NA,FALSE,1,"7","7",8,"trunk","B2",0
"259","7/12/21","21-SP2","1A","1","A",NA,"72",NA,NA,"inspect",TRUE,2,"7","7",10,"nest","B3",1
"260","7/12/21","21-SP2","1A","1","A",NA,"72",NA,NA,NA,FALSE,2,"7","7",29,"nest","B3",1
"261","7/12/21","21-SP2","1A","1","A",NA,"71",NA,NA,"inspect",TRUE,3,"7","7",31,"trunk","B2",0
"262","7/12/21","21-SP2","1A","1","A",NA,"52",NA,NA,"inspect",TRUE,4,"50","50",35,"sugar","B1",3
"263","7/12/21","21-SP2","1A","1","A","15:49","71",NA,NA,"inspect",TRUE,5,"7","-1",40,"trunk","B2",0
"264","7/12/21","21-SP2","1B","1","B",NA,"2222",NA,NA,"inspect",TRUE,1,"222","222",6,"sugar","H3",9
"265","7/13/21","21-SP2","2A","2","A",NA,"412",NA,NA,NA,FALSE,0,"41","41",40,"nest","E1",9
"266","7/13/21","21-SP2","2A","2","A",NA,"411",NA,NA,NA,FALSE,0,"41","41",42,"empty","E0",9
"267","7/13/21","21-SP2","2A","2","A",NA,"321",NA,NA,NA,FALSE,0,"32","32",54,"nest","A2",5
"268","7/13/21","21-SP2","2A","2","A",NA,"322",NA,NA,NA,FALSE,0,"32","32",56,"tag","A3",5
"269","7/13/21","21-SP2","2A","2","A","14:44","321",NA,NA,"inspect",TRUE,1,"32","32",58,"nest","A2",5
"270","7/13/21","21-SP2","2A","2","A",NA,"1211",NA,NA,NA,FALSE,1,"121","121",75,"water","D0",7
"271","7/13/21","21-SP2","2A","2","A",NA,"1212",NA,NA,NA,FALSE,1,"121","121",77,"sugar","D1",7
"272","7/13/21","21-SP2","2A","2","A","14:47","1122",NA,NA,"inspect",TRUE,2,"112","112",83,"sugar","C3",7
"273","7/13/21","21-SP2","2A","2","A",NA,"1111",NA,NA,NA,FALSE,2,"111","111",89,"tag","C0",7
"274","7/13/21","21-SP2","2A","2","A","14:49","1112",NA,NA,"inspect",TRUE,3,"111","111",91,"nest","C1",7
"275","7/13/21","21-SP2","2A","2","A",NA,"1121",NA,NA,NA,FALSE,3,"112","112",95,"water","C2",7
"276","7/13/21","21-SP2","2A","2","A",NA,"1122",NA,NA,NA,FALSE,3,"112","112",97,"sugar","C3",7
"277","7/13/21","21-SP2","2B","2","B",NA,"2221",NA,NA,NA,FALSE,0,"222","222",18,"water","H2",9
"278","7/13/21","21-SP2","2B","2","B",NA,"2222",NA,NA,NA,FALSE,0,"222","222",20,"sugar","H3",9
"279","7/13/21","21-SP2","2B","2","B","15:02","311",NA,NA,"inspect",TRUE,1,"31","31",41,"water","A0",5
"280","7/13/21","21-SP2","2B","2","B",NA,"1221",NA,NA,NA,FALSE,1,"122","122",53,"nest","D2",7
"281","7/13/21","21-SP2","2B","2","B",NA,"1212",NA,NA,NA,FALSE,1,"121","121",57,"sugar","D1",7
"282","7/13/21","21-SP2","2B","2","B","15:07","52",NA,NA,"inspect",TRUE,2,"50","50",90,"sugar","B1",3
"283","7/13/21","21-SP2","2B","2","B",NA,"1111",NA,NA,NA,FALSE,2,"111","111",101,"tag","C0",7
"284","7/13/21","21-SP2","2B","2","B","15:15","1221",NA,NA,NA,FALSE,2,"122","-1",109,"nest","D2",7
"285","7/13/21","21-SP2","3A","3","A","15:45","1121",NA,NA,"inspect",TRUE,1,"112","112",6,"water","C2",7
"286","7/13/21","21-SP2","3A","3","A","15:50","71",NA,NA,"inspect (ended video at ground)",TRUE,2,"7","-1",18,"trunk","B2",0
"287","7/13/21","21-SP2","3B","3","B","15:56","2222",NA,NA,"inspect",TRUE,1,"222","222",7,"sugar","H3",9
"288","7/13/21","21-SP2","3B","3","B","16:04","2112",NA,NA,"inspect",TRUE,2,"211","211",17,"nest","G1",9
"289","7/13/21","21-SP2","3B","3","B","16:06","2111",NA,NA,"inspect",TRUE,3,"211","211",19,"tag","G0",9
"290","7/13/21","21-SP2","3B","3","B","16:08","2222",NA,NA,"inspect",TRUE,4,"222","222",30,"sugar","H3",9
"291","7/13/21","21-SP2","3B","3","B","16:12","2221",NA,NA,"inspect",TRUE,5,"222","222",32,"water","H2",9
"292","7/13/21","21-SP2","3B","3","B","16:13","2212",NA,NA,"inspect",TRUE,6,"221","221",36,"nest","H1",9
"293","7/13/21","21-SP2","3B","3","B","16:14","2221",NA,NA,"inspect",TRUE,7,"222","222",40,"water","H2",9
"294","7/13/21","21-SP2","3B","3","B","16:15","2222",NA,NA,"inspect",TRUE,8,"222","-1",42,"sugar","H3",9
"295","7/14/21","21-SP2","4A","4","A","14:42","312",NA,NA,"inspect",TRUE,1,"31","31",24,"sugar","A1",5
"296","7/14/21","21-SP2","4A","4","A","14:44","321",NA,NA,"inspect",TRUE,2,"32","32",28,"nest","A2",5
"297","7/14/21","21-SP2","4A","4","A","14:44","322",NA,NA,"inspect",TRUE,3,"32","32",30,"tag","A3",5
"298","7/14/21","21-SP2","4A","4","A",NA,"71",NA,NA,NA,FALSE,3,"7","7",36,"trunk","B2",0
"299","7/14/21","21-SP2","4A","4","A","14:46","72",NA,NA,"inspect",TRUE,4,"7","7",47,"nest","B3",1
"300","7/14/21","21-SP2","4A","4","A",NA,"52",NA,NA,NA,FALSE,4,"50","50",51,"sugar","B1",3
"301","7/14/21","21-SP2","4A","4","A","14:46","322",NA,NA,"inspect",TRUE,5,"32","32",57,"tag","A3",5
"302","7/14/21","21-SP2","4A","4","A",NA,"321",NA,NA,NA,FALSE,5,"32","32",59,"nest","A2",5
"303","7/14/21","21-SP2","4A","4","A","14:48","1111",NA,NA,"inspect",TRUE,6,"111","111",76,"tag","C0",7
"304","7/14/21","21-SP2","4A","4","A",NA,"1121",NA,NA,NA,FALSE,6,"112","112",80,"water","C2",7
"305","7/14/21","21-SP2","4A","4","A","14:50","1122",NA,NA,"inspect",TRUE,7,"112","112",82,"sugar","C3",7
"306","7/14/21","21-SP2","4B","4","B","14:55","81",NA,NA,"inspect",TRUE,1,"8","8",6,"tag","F0",9
"307","7/14/21","21-SP2","4B","4","B",NA,"82",NA,NA,NA,FALSE,1,"8","8",8,"nest","F1",9
"308","7/14/21","21-SP2","4B","4","B","14:56","61",NA,NA,"inspect",TRUE,2,"60","60",12,"water","F2",9
"309","7/14/21","21-SP2","4B","4","B","14:56","62",NA,NA,"inspect",TRUE,3,"60","60",14,"sugar","F3",9
"310","7/14/21","21-SP2","5A","5","A","15:49","2121",NA,NA,"inspect",TRUE,1,"212","212",6,"water","G2",9
"311","7/14/21","21-SP2","5A","5","A",NA,"1121",NA,NA,NA,FALSE,1,"112","112",17,"water","C2",7
"312","7/14/21","21-SP2","5A","5","A","15:50","1122",NA,NA,"inspect",TRUE,2,"112","112",19,"sugar","C3",7
"313","7/14/21","21-SP2","5A","5","A","15:51","321",NA,NA,"inspect",TRUE,3,"32","32",27,"nest","A2",5
"314","7/14/21","21-SP2","5A","5","A","15:52","322",NA,NA,"inspect",TRUE,4,"32","32",29,"tag","A3",5
"315","7/14/21","21-SP2","5A","5","A","15:52","322",NA,NA,"inspect",TRUE,5,"32","32",31,"tag","A3",5
"316","7/14/21","21-SP2","5A","5","A",NA,"51",NA,NA,NA,FALSE,5,"50","50",37,"water","B0",3
"317","7/14/21","21-SP2","5A","5","A","15:53","52",NA,NA,"inspect",TRUE,6,"50","50",39,"sugar","B1",3
"318","7/14/21","21-SP2","5A","5","A","15:53","71",NA,NA,"inspect, walked to ground",TRUE,7,"7","-1",43,"trunk","B2",0
"319","7/14/21","21-SP2","5B","5","B","15:59","2222",NA,NA,"inspect",TRUE,1,"222","222",6,"sugar","H3",9
"320","7/14/21","21-SP2","5B","5","B","16:01","52",NA,NA,"inspect",TRUE,2,"50","50",18,"sugar","B1",3
"321","7/14/21","21-SP2","5B","5","B","16:01","71",NA,NA,"inspect, ground",TRUE,3,"7","-1",22,"trunk","B2",0
"322","7/15/21","21-SP2","6A","6","A",NA,"71",NA,NA,NA,FALSE,0,"7","7",6,"trunk","B2",0
"323","7/15/21","21-SP2","6A","6","A",NA,"71",NA,NA,NA,FALSE,0,"7","7",21,"trunk","B2",0
"324","7/15/21","21-SP2","6A","6","A","13:45","1211",NA,NA,"inspect",TRUE,1,"121","121",32,"water","D0",7
"325","7/15/21","21-SP2","6A","6","A",NA,"1212",NA,NA,NA,FALSE,1,"121","121",34,"sugar","D1",7
"326","7/15/21","21-SP2","6A","6","A","13:47","1221",NA,NA,"inspect",TRUE,2,"122","122",38,"nest","D2",7
"327","7/15/21","21-SP2","6A","6","A","13:47","1222",NA,NA,"inspect",TRUE,3,"122","122",40,"tag","D3",7
"328","7/15/21","21-SP2","6B","6","B",NA,"71",NA,NA,NA,FALSE,0,"7","7",6,"trunk","B2",0
"329","7/15/21","21-SP2","6B","6","B","13:55","71",NA,NA,"inspect",TRUE,1,"7","7",17,"trunk","B2",0
"330","7/15/21","21-SP2","6B","6","B","13:58","71",NA,NA,"inspect, ground at 14:00",TRUE,2,"7","-1",21,"trunk","B2",0
"331","7/15/21","21-SP2","7A","7","A",NA,"1111",NA,NA,NA,FALSE,0,"111","111",6,"tag","C0",7
"332","7/15/21","21-SP2","7A","7","A","14:26","1112",NA,NA,"inspect",TRUE,1,"111","111",8,"nest","C1",7
"333","7/15/21","21-SP2","7A","7","A","14:27","1112",NA,NA,"inspect",TRUE,2,"111","111",17,"nest","C1",7
"334","7/15/21","21-SP2","7B","7","B",NA,"71",NA,NA,NA,FALSE,0,"7","7",13,"trunk","B2",0
"335","7/15/21","21-SP2","7B","7","B","14:34","72",NA,NA,"inspect",TRUE,1,"7","7",15,"nest","B3",1
"336","7/15/21","21-SP2","7B","7","B",NA,"1211",NA,NA,NA,FALSE,1,"121","121",26,"water","D0",7
"337","7/15/21","21-SP2","7B","7","B","14:36","1112",NA,NA,"inspect",TRUE,2,"111","111",32,"nest","C1",7
"338","7/15/21","21-SP2","7B","7","B","14:36","1111",NA,NA,"inspect",TRUE,3,"111","111",34,"tag","C0",7
"339","7/15/21","21-SP2","7B","7","B","14:37","1112",NA,NA,"inspect",TRUE,4,"111","111",36,"nest","C1",7
"340","7/15/21","21-SP2","7B","7","B",NA,"1111",NA,NA,NA,FALSE,4,"111","111",38,"tag","C0",7
"341","7/15/21","21-SP2","7B","7","B",NA,"72",NA,NA,NA,FALSE,4,"7","7",46,"nest","B3",1
"342","7/15/21","21-SP2","7B","7","B","14:39","322",NA,NA,"inspect",TRUE,5,"32","32",52,"tag","A3",5
"343","7/15/21","21-SP2","7B","7","B","14:39","321",NA,NA,"inspect",TRUE,6,"32","32",54,"nest","A2",5
"344","7/15/21","21-SP2","7B","7","B",NA,"321",NA,NA,NA,FALSE,6,"32","32",56,"nest","A2",5
"345","7/15/21","21-SP2","7B","7","B","14:41","311",NA,NA,"inspect",TRUE,7,"31","31",60,"water","A0",5
"346","7/15/21","21-SP2","7B","7","B","14:41","312",NA,NA,"inspect",TRUE,8,"31","31",62,"sugar","A1",5
"347","7/15/21","21-SP2","7B","7","B","14:43","82",NA,NA,"inspect",TRUE,9,"8","8",74,"nest","F1",9
"348","7/15/21","21-SP2","7B","7","B","14:44","81",NA,NA,"inspect",TRUE,10,"8","8",76,"tag","F0",9
"349","7/15/21","21-SP2","7B","7","B","14:45","82",NA,NA,"inspect",TRUE,11,"8","8",78,"nest","F1",9
"350","7/15/21","21-SP2","7B","7","B","14:45","61",NA,NA,"inspect",TRUE,12,"60","60",82,"water","F2",9
"351","7/15/21","21-SP2","7B","7","B","14:46","62",NA,NA,"inspect",TRUE,13,"60","60",84,"sugar","F3",9
"352","7/15/21","21-SP2","7B","7","B","14:47","321",NA,NA,"inspect",TRUE,14,"32","32",95,"nest","A2",5
"353","7/15/21","21-SP2","7B","7","B","14:48","312",NA,NA,"inspect",TRUE,15,"31","31",99,"sugar","A1",5
"354","7/15/21","21-SP2","7B","7","B",NA,"311",NA,NA,NA,FALSE,15,"31","31",101,"water","A0",5
"355","7/15/21","21-SP2","7B","7","B","14:51","421",NA,NA,"inspect",TRUE,16,"42","42",112,"water","E2",9
"356","7/15/21","21-SP2","7B","7","B","14:52","422",NA,NA,"inspect",TRUE,17,"42","-1",114,"sugar","E3",9
"357","7/15/21","21-SP2","8A","8","A",NA,"2222",NA,NA,NA,FALSE,0,"222","222",13,"sugar","H3",9
"358","7/15/21","21-SP2","8A","8","A","15:51","2222",NA,NA,"inspeect",FALSE,0,"222","222",15,"sugar","H3",9
"359","7/15/21","21-SP2","8A","8","A","15:53","52",NA,NA,"inspect",TRUE,1,"50","50",25,"sugar","B1",3
"360","7/15/21","21-SP2","8A","8","A",NA,"71",NA,NA,NA,FALSE,1,"7","7",29,"trunk","B2",0
"361","7/15/21","21-SP2","8A","8","A","15:55","71",NA,NA,"inspect",TRUE,2,"7","7",31,"trunk","B2",0
"362","7/15/21","21-SP2","8A","8","A",NA,"51",NA,NA,NA,FALSE,2,"50","5",35,"water","B0",3
"363","7/15/21","21-SP2","8A","8","A",NA,"52",NA,NA,NA,FALSE,2,"5","5",37,"sugar","B1",3
"364","7/15/21","21-SP2","8A","8","A","16:04","51",NA,NA,"inspect",TRUE,3,"5","50",39,"water","B0",3
"365","7/15/21","21-SP2","8A","8","A","16:09","321",NA,NA,"inspect",TRUE,4,"32","-1",45,"nest","A2",5
"366","7/15/21","21-SP2","8B","8","B","16:32","312",NA,NA,"inspect",TRUE,1,"31","31",50,"sugar","A1",5
"367","7/15/21","21-SP2","8B","8","B",NA,"1221",NA,NA,NA,FALSE,1,"122","122",65,"nest","D2",7
"368","7/15/21","21-SP2","8B","8","B","16:34","1222",NA,NA,"inspect",TRUE,2,"122","122",67,"tag","D3",7
"369","7/16/21","21-SP2","9A","9","A",NA,"2121",NA,NA,NA,FALSE,0,"212","212",20,"water","G2",9
"370","7/16/21","21-SP2","9A","9","A",NA,"2111",NA,NA,NA,FALSE,0,"211","211",24,"tag","G0",9
"371","7/16/21","21-SP2","9A","9","A","14:11","2112",NA,NA,"inspect",TRUE,1,"211","211",39,"nest","G1",9
"372","7/16/21","21-SP2","9A","9","A",NA,"2111",NA,NA,NA,FALSE,1,"211","211",45,"tag","G0",9
"373","7/16/21","21-SP2","9A","9","A","14:14","81",NA,NA,"inspect",TRUE,2,"8","8",53,"tag","F0",9
"374","7/16/21","21-SP2","9A","9","A","14:16","82",NA,NA,"inspect",TRUE,3,"8","8",55,"nest","F1",9
"375","7/16/21","21-SP2","9A","9","A","14:16","422",NA,NA,"inspect",TRUE,4,"42","42",63,"sugar","E3",9
"376","7/16/21","21-SP2","9A","9","A",NA,"421",NA,NA,NA,FALSE,4,"42","42",65,"water","E2",9
"377","7/16/21","21-SP2","9A","9","A",NA,"421",NA,NA,NA,FALSE,4,"42","42",68,"water","E2",9
"378","7/16/21","21-SP2","9A","9","A","14:17","422",NA,NA,"inspect",TRUE,5,"42","42",70,"sugar","E3",9
"379","7/16/21","21-SP2","9A","9","A","14:18","412",NA,NA,"Inspect",FALSE,5,"41","41",74,"nest","E1",9
"380","7/16/21","21-SP2","9A","9","A",NA,"411",NA,NA,NA,FALSE,5,"41","41",76,"empty","E0",9
"381","7/16/21","21-SP2","9A","9","A",NA,"412",NA,NA,NA,FALSE,5,"41","41",78,"nest","E1",9
"382","7/16/21","21-SP2","9A","9","A",NA,"322",NA,NA,NA,FALSE,5,"32","32",94,"tag","A3",5
"383","7/16/21","21-SP2","9A","9","A","14:19","321",NA,NA,"inspect",TRUE,6,"32","32",96,"nest","A2",5
"384","7/16/21","21-SP2","9A","9","A","14:21","312",NA,NA,"inspect",TRUE,7,"31","31",100,"sugar","A1",5
"385","7/16/21","21-SP2","9A","9","A","14:21","311",NA,NA,"inspect",TRUE,8,"31","31",102,"water","A0",5
"386","7/16/21","21-SP2","9A","9","A",NA,"311",NA,NA,NA,FALSE,8,"31","31",104,"water","A0",5
"387","7/16/21","21-SP2","9A","9","A",NA,"312",NA,NA,NA,FALSE,8,"31","31",106,"sugar","A1",5
"388","7/16/21","21-SP2","9A","9","A","14:22","321",NA,NA,"inspect",TRUE,9,"32","32",110,"nest","A2",5
"389","7/16/21","21-SP2","9A","9","A",NA,"322",NA,NA,NA,FALSE,9,"32","32",112,"tag","A3",5
"390","7/16/21","21-SP2","9A","9","A","14:22","321",NA,NA,"inspect",TRUE,10,"32","32",114,"nest","A2",5
"391","7/16/21","21-SP2","9A","9","A",NA,"321",NA,NA,NA,FALSE,10,"32","32",121,"nest","A2",5
"392","7/16/21","21-SP2","9A","9","A",NA,"312",NA,NA,NA,FALSE,10,"31","31",125,"sugar","A1",5
"393","7/16/21","21-SP2","9A","9","A",NA,"311",NA,NA,NA,FALSE,10,"31","31",127,"water","A0",5
"394","7/16/21","21-SP2","9A","9","A",NA,"312",NA,NA,NA,FALSE,10,"31","31",131,"sugar","A1",5
"395","7/16/21","21-SP2","9A","9","A","14:24","311",NA,NA,"inspect",TRUE,11,"31","31",133,"water","A0",5
"396","7/16/21","21-SP2","9A","9","A",NA,"321",NA,NA,NA,FALSE,11,"32","32",137,"nest","A2",5
"397","7/16/21","21-SP2","9A","9","A",NA,"322",NA,NA,NA,FALSE,11,"32","32",139,"tag","A3",5
"398","7/16/21","21-SP2","9A","9","A","14:25","321",NA,NA,"inspect",TRUE,12,"32","32",141,"nest","A2",5
"399","7/16/21","21-SP2","9A","9","A",NA,"322",NA,NA,NA,FALSE,12,"32","32",143,"tag","A3",5
"400","7/16/21","21-SP2","9B","9","B",NA,"1212",NA,NA,NA,FALSE,0,"121","121",18,"sugar","D1",7
"401","7/16/21","21-SP2","9B","9","B","14:34","1212",NA,NA,"inspect",TRUE,1,"121","121",20,"sugar","D1",7
"402","7/16/21","21-SP2","9B","9","B",NA,"1212",NA,NA,NA,FALSE,1,"121","121",27,"sugar","D1",7
"403","7/16/21","21-SP2","9B","9","B","14:36","1211",NA,NA,"inspect",TRUE,2,"121","121",29,"water","D0",7
"404","7/16/21","21-SP2","9B","9","B",NA,"1222",NA,NA,NA,FALSE,2,"122","122",34,"tag","D3",7
"405","7/16/21","21-SP2","9B","9","B","14:37","1221",NA,NA,"inspect",TRUE,3,"122","122",36,"nest","D2",7
"406","7/16/21","21-SP2","9B","9","B",NA,"1212",NA,NA,NA,FALSE,3,"121","121",40,"sugar","D1",7
"407","7/16/21","21-SP2","9B","9","B",NA,"1211",NA,NA,NA,FALSE,3,"121","121",42,"water","D0",7
"408","7/16/21","21-SP2","9B","9","B","14:38","1222",NA,NA,"inspect",TRUE,4,"122","122",49,"tag","D3",7
"409","7/16/21","21-SP2","9B","9","B","14:38","1221",NA,NA,"inspect",TRUE,5,"122","122",53,"nest","D2",7
"410","7/16/21","21-SP2","9B","9","B","14:39","1222",NA,NA,"inspect",TRUE,6,"122","122",55,"tag","D3",7
"411","7/16/21","21-SP2","9B","9","B",NA,"322",NA,NA,NA,FALSE,6,"32","32",64,"tag","A3",5
"412","7/16/21","21-SP2","9B","9","B","14:41","321",NA,NA,"inspect",TRUE,7,"32","32",66,"nest","A2",5
"413","7/16/21","21-SP2","9B","9","B",NA,"322",NA,NA,NA,FALSE,7,"32","32",68,"tag","A3",5
"414","7/16/21","21-SP2","9B","9","B","14:41","312",NA,NA,"inspect",TRUE,8,"31","31",72,"sugar","A1",5
"415","7/16/21","21-SP2","9B","9","B",NA,"312",NA,NA,NA,FALSE,8,"31","31",74,"sugar","A1",5
"416","7/16/21","21-SP2","9B","9","B",NA,"311",NA,NA,NA,FALSE,8,"31","31",76,"water","A0",5
"417","7/16/21","21-SP2","9B","9","B",NA,"322",NA,NA,NA,FALSE,8,"32","32",81,"tag","A3",5
"418","7/16/21","21-SP2","9B","9","B","14:43","321",NA,NA,"inspect",TRUE,9,"32","32",83,"nest","A2",5
"419","7/16/21","21-SP2","9B","9","B",NA,"321",NA,NA,NA,FALSE,9,"32","32",85,"nest","A2",5
"420","7/16/21","21-SP2","9B","9","B","14:44","322",NA,NA,"inspect",TRUE,10,"32","32",87,"tag","A3",5
"421","7/16/21","21-SP2","9B","9","B","14:45","51",NA,NA,"inspect",TRUE,11,"50","50",93,"water","B0",3
"422","7/16/21","21-SP2","9B","9","B",NA,"52",NA,NA,NA,FALSE,11,"50","50",95,"sugar","B1",3
"423","7/16/21","21-SP2","9B","9","B",NA,"71",NA,NA,NA,FALSE,11,"7","7",99,"trunk","B2",0
"424","7/16/21","21-SP2","9B","9","B","14:48","1111",NA,NA,"inspect",TRUE,12,"111","111",107,"tag","C0",7
"425","7/16/21","21-SP2","9B","9","B",NA,"1112",NA,NA,NA,FALSE,12,"111","111",109,"nest","C1",7
"426","7/16/21","21-SP2","9B","9","B","14:49","311",NA,NA,"inspect",TRUE,13,"31","312",117,"water","A0",5
"427","7/16/21","21-SP2","9B","9","B","14:49","312",NA,NA,"inspect (ILLEGAL JUMP)",TRUE,14,"311","31",118,"sugar","A1",5
"428","7/16/21","21-SP2","9B","9","B",NA,"321",NA,NA,NA,FALSE,14,"32","32",122,"nest","A2",5
"429","7/16/21","21-SP2","9B","9","B","14:50","322",NA,NA,"inspect",TRUE,15,"32","32",124,"tag","A3",5
"430","7/16/21","21-SP2","9B","9","B","14:50","52",NA,NA,"inspect",TRUE,16,"50","50",130,"sugar","B1",3
"431","7/16/21","21-SP2","9B","9","B","14:51","51",NA,NA,"inspect",TRUE,17,"50","-1",132,"water","B0",3
