Date,Colony,Ant ID,Time,Junction,Entered From,Exited Toward,Turn Type (L/R/U),Choice (W/N),Action (inspect/ignore),
6/21/21,21-SP3,1A,16:01,0,-1,2,R,,,
6/21/21,21-SP3,1A,,0,2,1,R,,,
6/21/21,21-SP3,1A,,0,,,,,,
6/21/21,21-SP3,1A,,-1,,,,,,
6/21/21,21-SP3,1A,,0,,,,,,
6/21/21,21-SP3,1A,,2,,,,,,
6/21/21,21-SP3,1A,,20,,,,,,
6/21/21,21-SP3,1A,,2,,,,,,
6/21/21,21-SP3,1A,,0,,,,,,
6/21/21,21-SP3,1A,,1,,,,,,
6/21/21,21-SP3,1A,,3,,,,,,
6/21/21,21-SP3,1A,,1,,,,,,
6/21/21,21-SP3,1A,,10,,,,,,
6/21/21,21-SP3,1A,,1,,,,,,
6/21/21,21-SP3,1A,,3,,,,,,
6/21/21,21-SP3,1A,,5,,,,,,
6/21/21,21-SP3,1A,,7,,,,,,
6/21/21,21-SP3,1A,,72,,,,,inspect,
6/21/21,21-SP3,1A,,7,,,,,,
6/21/21,21-SP3,1A,,5,,,,,,
6/21/21,21-SP3,1A,,50,,,,,,
6/21/21,21-SP3,1A,,51,,,,,,
6/21/21,21-SP3,1A,,50,,,,,,
6/21/21,21-SP3,1A,,5,,,,,,
6/21/21,21-SP3,1A,,3,,,,,,
6/21/21,21-SP3,1A,,30,,,,,,
6/21/21,21-SP3,1A,,32,,,,,,
6/21/21,21-SP3,1A,,321,,,,,,
6/21/21,21-SP3,1A,,32,,,,,,
6/21/21,21-SP3,1A,,322,,,,,,
6/21/21,21-SP3,1A,,32,,,,,,
6/21/21,21-SP3,1A,,30,,,,,,
6/21/21,21-SP3,1A,,3,,,,,,
6/21/21,21-SP3,1A,,1,,,,,,
6/21/21,21-SP3,1A,,0,,,,,,
6/21/21,21-SP3,1B,16:16,0,,,,,,
6/21/21,21-SP3,1B,,2,,,,,,
6/21/21,21-SP3,1B,,0,,,,,,
6/21/21,21-SP3,1B,,2,,,,,,
6/21/21,21-SP3,1B,,20,,,,,,
6/21/21,21-SP3,1B,,2,,,,,,
6/21/21,21-SP3,1B,,4,,,,,,
6/21/21,21-SP3,1B,,40,,,,,,
6/21/21,21-SP3,1B,,4,,,,,,
6/21/21,21-SP3,1B,,2,,,,,,
6/21/21,21-SP3,1B,,0,,,,,,
6/21/21,21-SP3,1B,,-1,,,,,,
6/21/21,21-SP3,1B,,0,,,,,,
6/21/21,21-SP3,1B,,1,,,,,,
6/21/21,21-SP3,1B,,3,,,,,,
6/21/21,21-SP3,1B,,1,,,,,,
6/21/21,21-SP3,1B,,0,,,,,,
6/21/21,21-SP3,1B,,-1,,,,,,
6/21/21,21-SP3,1B,,0,,,,,,
6/21/21,21-SP3,1B,,2,,,,,,
6/21/21,21-SP3,1B,,20,,,,,,
6/21/21,21-SP3,1B,,22,,,,,,
6/21/21,21-SP3,1B,,222,,,,,,
6/21/21,21-SP3,1B,,2221,,,,,inspect,
6/21/21,21-SP3,1B,,222,,,,,,
6/21/21,21-SP3,1B,,22,,,,,,
6/21/21,21-SP3,1B,,20,,,,,,
6/21/21,21-SP3,1B,,21,,,,,,
6/21/21,21-SP3,1B,,211,,,,,,
6/21/21,21-SP3,1B,,2111,,,,,,
6/21/21,21-SP3,1B,,211,,,,,,
6/21/21,21-SP3,1B,,21,,,,,,
6/21/21,21-SP3,1B,,212,,,,,,
6/21/21,21-SP3,1B,,2121,,,,,,
6/21/21,21-SP3,1B,,212,,,,,,
6/21/21,21-SP3,1B,,2122,,,,,,
6/21/21,21-SP3,1B,,212,,,,,,
6/21/21,21-SP3,1B,,21,,,,,,
6/21/21,21-SP3,1B,,20,,,,,,
6/21/21,21-SP3,1B,,22,,,,,,
6/21/21,21-SP3,1B,,222,,,,,,
6/21/21,21-SP3,1B,,22,,,,,,
6/21/21,21-SP3,1B,,20,,,,,,
6/21/21,21-SP3,1B,,2,,,,,,
6/21/21,21-SP3,1B,,0,,,,,,
6/22/21,21-SP3,2A,16:10,0,,1,,,,
6/22/21,21-SP3,2A,,0,,,,,,
6/22/21,21-SP3,2A,,2,,,,,,
6/22/21,21-SP3,2A,,20,,,,,,
6/22/21,21-SP3,2A,,22,,,,,,
6/22/21,21-SP3,2A,,222,,,,,,
6/22/21,21-SP3,2A,16:13,2222,,,,,inspect (sugar drink),
6/22/21,21-SP3,2A,,222,,,,,,
6/22/21,21-SP3,2A,,2221,,,,,,
6/22/21,21-SP3,2A,,222,,,,,,
6/22/21,21-SP3,2A,,22,,,,,,
6/22/21,21-SP3,2A,,20,,,,,,
6/22/21,21-SP3,2A,,21,,,,,,
6/22/21,21-SP3,2A,,211,,,,,,
6/22/21,21-SP3,2A,,2112,,,,,inspect,
6/22/21,21-SP3,2A,,211,,,,,,
6/22/21,21-SP3,2A,,2111,,,,,inspect (nothing there),
6/22/21,21-SP3,2A,,211,,,,,,
6/22/21,21-SP3,2A,,21,,,,,,
6/22/21,21-SP3,2A,,20,,,,,,
6/22/21,21-SP3,2A,,2,,,,,,
6/22/21,21-SP3,2A,,0,,,,,,
6/22/21,21-SP3,2A,,1,,,,,,
6/22/21,21-SP3,2A,,10,,,,,,
6/22/21,21-SP3,2A,,12,,,,,,
6/22/21,21-SP3,2A,,122,,,,,,
6/22/21,21-SP3,2A,,1222,,,,,inpsect (nothing),
6/22/21,21-SP3,2A,,122,,,,,,
6/22/21,21-SP3,2A,,12,,,,,,
6/22/21,21-SP3,2A,,121,,,,,,
6/22/21,21-SP3,2A,,1212,,,,,,
6/22/21,21-SP3,2A,,121,,1211,,,,
6/22/21,21-SP3,2A,,121,,,,,,
6/22/21,21-SP3,2A,,12,,,,,,
6/22/21,21-SP3,2A,,10,,,,,,
6/22/21,21-SP3,2A,,11,,,,,,
6/22/21,21-SP3,2A,,112,,,,,,
6/22/21,21-SP3,2A,,1122,,,,,inspect,
6/22/21,21-SP3,2A,16:17,112,,,,,,
6/22/21,21-SP3,2A,,11,,,,,,
6/22/21,21-SP3,2A,,10,,1,,,,
6/22/21,21-SP3,2A,,10,,,,,,
6/22/21,21-SP3,2A,,12,,,,,,
6/22/21,21-SP3,2A,,122,,,,,,
6/22/21,21-SP3,2A,,1222,,,,,inpsect (nothing),
6/22/21,21-SP3,2A,,122,,,,,,
6/22/21,21-SP3,2A,,1221,,,,,inspect,
6/22/21,21-SP3,2A,,122,,,,,,
6/22/21,21-SP3,2A,,1222,,,,,,
6/22/21,21-SP3,2A,,122,,,,,,
6/22/21,21-SP3,2A,,12,,,,,,
6/22/21,21-SP3,2A,,10,,,,,,
6/22/21,21-SP3,2A,,1,,,,,,
6/22/21,21-SP3,2A,,3,,,,,,
6/22/21,21-SP3,2A,,5,,,,,,
6/22/21,21-SP3,2A,,50,,,,,,
6/22/21,21-SP3,2A,16:19,52,,,,,inspect (crawling around sugar tube 50+ times),
6/22/21,21-SP3,2B,16:30,0,,2,,,,
6/22/21,21-SP3,2B,,0,,,,,,
6/22/21,21-SP3,2B,,2,,,,,,
6/22/21,21-SP3,2B,,20,,,,,,
6/22/21,21-SP3,2B,,22,,,,,,
6/22/21,21-SP3,2B,,222,,,,,,
6/22/21,21-SP3,2B,,2222,,,,,,
6/22/21,21-SP3,2B,,222,,,,,,
6/22/21,21-SP3,2B,,22,,,,,,
6/22/21,21-SP3,2B,,20,,,,,,
6/22/21,21-SP3,2B,,2,,,,,,
6/22/21,21-SP3,2B,,0,,,,,,
6/22/21,21-SP3,2B,,1,,10,,,,
6/22/21,21-SP3,2B,,1,,,,,,
6/22/21,21-SP3,2B,,3,,,,,,
6/22/21,21-SP3,2B,,1,,,,,,
6/22/21,21-SP3,2B,,0,,,,,,
6/22/21,21-SP3,2B,16:33,-1,,,,,,
6/23/21,21-SP3,3A,15:19,0,,2,,,,
6/23/21,21-SP3,3A,,0,,,,,,
6/23/21,21-SP3,3A,,1,,,,,,
6/23/21,21-SP3,3A,,3,,5,,,,
6/23/21,21-SP3,3A,,3,,,,,,
6/23/21,21-SP3,3A,,30,,,,,,
6/23/21,21-SP3,3A,,32,,,,,,
6/23/21,21-SP3,3A,,322,,,,,inspect,
6/23/21,21-SP3,3A,,32,,321,,,,
6/23/21,21-SP3,3A,,32,,322,,,,
6/23/21,21-SP3,3A,,32,,,,,,
6/23/21,21-SP3,3A,,30,,,,,,
6/23/21,21-SP3,3A,,31,,,,,,
6/23/21,21-SP3,3A,15:22,312,,,,,inspect,
6/23/21,21-SP3,3A,,31,,,,,,
6/23/21,21-SP3,3A,,30,,,,,,
6/23/21,21-SP3,3A,,32,,,,,,
6/23/21,21-SP3,3A,,322,,,,,,
6/23/21,21-SP3,3A,,32,,,,,,
6/23/21,21-SP3,3A,,30,,,,,,
6/23/21,21-SP3,3A,,3,,,,,,
6/23/21,21-SP3,3A,,1,,,,,,
6/23/21,21-SP3,3A,,0,,,,,,
6/23/21,21-SP3,3A,15:24,-1,,,,,,
6/23/21,21-SP3,3B,15:30,0,,,,,,
6/23/21,21-SP3,3B,,1,,,,,,
6/23/21,21-SP3,3B,,0,,,,,,
6/23/21,21-SP3,3B,,2,,,,,,
6/23/21,21-SP3,3B,,20,,,,,,
6/23/21,21-SP3,3B,,22,,,,,,
6/23/21,21-SP3,3B,,221,,2211,,,,
6/23/21,21-SP3,3B,,221,,,,,,
6/23/21,21-SP3,3B,,2212,,,,,"inspect (nest, went fast up and down)",
6/23/21,21-SP3,3B,,221,,,,,,
6/23/21,21-SP3,3B,,2211,,,,,,
6/23/21,21-SP3,3B,,221,,,,,,
6/23/21,21-SP3,3B,,22,,,,,,
6/23/21,21-SP3,3B,,20,,,,,,
6/23/21,21-SP3,3B,,2,,,,,,
6/23/21,21-SP3,3B,,0,,,,,,
6/23/21,21-SP3,3B,15:33,-1,,,,,,
6/23/21,21-SP3,4A,16:09,0,,1,,,,
6/23/21,21-SP3,4A,,0,,,,,,
6/23/21,21-SP3,4A,,2,,20,,,,
6/23/21,21-SP3,4A,,2,,,,,,
6/23/21,21-SP3,4A,,4,,,,,,
6/23/21,21-SP3,4A,,2,,20,,,,
6/23/21,21-SP3,4A,,2,,,,,,
6/23/21,21-SP3,4A,,0,,,,,,
6/23/21,21-SP3,4A,,1,,,,,,
6/23/21,21-SP3,4A,,10,,,,,,
6/23/21,21-SP3,4A,,1,,,,,,
6/23/21,21-SP3,4A,16:11,0,,,,,,
6/23/21,21-SP3,4A,,-1,,,,,,
6/23/21,21-SP3,4A,16:21,0,,,,,,
6/23/21,21-SP3,4A,,2,,,,,,
6/23/21,21-SP3,4A,,20,,,,,,
6/23/21,21-SP3,4A,,21,,,,,,
6/23/21,21-SP3,4A,,212,,2122,,,,
6/23/21,21-SP3,4A,,212,,2121,,,,
6/23/21,21-SP3,4A,,212,,,,,,
6/23/21,21-SP3,4A,,21,,,,,,
6/23/21,21-SP3,4A,,211,,,,,,
6/23/21,21-SP3,4A,,2111,,,,,,
6/23/21,21-SP3,4A,,211,,,,,,
6/23/21,21-SP3,4A,,21,,,,,,
6/23/21,21-SP3,4A,,20,,,,,,
6/23/21,21-SP3,4A,,2,,,,,,
6/23/21,21-SP3,4A,,0,,1,,,,
6/23/21,21-SP3,4A,,0,,-1,,,,
6/23/21,21-SP3,4A,16:24,-1,,,,,,
6/23/21,21-SP3,4B,16:30,0,,2,,,,
6/23/21,21-SP3,4B,,0,,,,,,
6/23/21,21-SP3,4B,,-1,,,,,,
6/23/21,21-SP3,4B,,0,,,,,,
6/23/21,21-SP3,4B,,1,,3,,,,
6/23/21,21-SP3,4B,,1,,,,,,
6/23/21,21-SP3,4B,,0,,,,,,
6/23/21,21-SP3,4B,16:34,-1,,,,,,
6/23/21,21-SP3,4B,,0,,,,,,
6/23/21,21-SP3,4B,,-1,,,,,,
6/23/21,21-SP3,4B,,0,,1,,,,
6/23/21,21-SP3,4B,,0,,-1,,,,
6/23/21,21-SP3,4B,,0,,,,,,
6/23/21,21-SP3,4B,,2,,,,,,
6/23/21,21-SP3,4B,,20,,,,,,
6/23/21,21-SP3,4B,,22,,,,,,
6/23/21,21-SP3,4B,,222,,,,,,
6/23/21,21-SP3,4B,,2222,,,,,,
6/23/21,21-SP3,4B,,222,,,,,,
6/23/21,21-SP3,4B,,2221,,,,,inspect,
6/23/21,21-SP3,4B,,222,,,,,,
6/23/21,21-SP3,4B,,2222,,,,,inspect,
6/23/21,21-SP3,4B,,222,,,,,,
6/23/21,21-SP3,4B,,22,,,,,,
6/23/21,21-SP3,4B,,20,,,,,,
6/23/21,21-SP3,4B,,21,,211,,,,
6/23/21,21-SP3,4B,,21,,,,,,
6/23/21,21-SP3,4B,,20,,,,,,
6/23/21,21-SP3,4B,,2,,,,,,
6/23/21,21-SP3,4B,,20,,,,,,
6/23/21,21-SP3,4B,,2,,,,,,
6/23/21,21-SP3,4B,,4,,,,,,
6/23/21,21-SP3,4B,,6,,8,,,,
6/23/21,21-SP3,4B,,6,,,,,,
6/23/21,21-SP3,4B,,4,,,,,,
6/23/21,21-SP3,4B,,40,,,,,,
6/23/21,21-SP3,4B,,4,,,,,,
6/23/21,21-SP3,4B,,2,,,,,,
6/23/21,21-SP3,4B,,0,,,,,,
6/23/21,21-SP3,4B,,1,,,,,,
6/23/21,21-SP3,4B,,0,,,,,,
6/23/21,21-SP3,4B,16:40,-1,,,,,,
6/24/21,21-SP3,5A,14:32,0,,,,,,
6/24/21,21-SP3,5A,,-1,,,,,,
6/24/21,21-SP3,5A,14:35,0,,2,,,,
6/24/21,21-SP3,5A,,0,,1,,,,
6/24/21,21-SP3,5A,,0,,2,,,,
6/24/21,21-SP3,5A,,0,,1,,,,
6/24/21,21-SP3,5A,,0,,2,,,,
6/24/21,21-SP3,5A,,0,,,,,,
6/24/21,21-SP3,5A,,1,,,,,,
6/24/21,21-SP3,5A,,0,,,,,,
6/24/21,21-SP3,5A,,-1,,,,,,
6/24/21,21-SP3,5A,,0,,2,,,,
6/24/21,21-SP3,5A,,0,,,,,,
6/24/21,21-SP3,5A,,1,,,,,,
6/24/21,21-SP3,5A,,0,,,,,,
6/24/21,21-SP3,5A,,-1,,,,,,
6/24/21,21-SP3,5A,,0,,,,,,
6/24/21,21-SP3,5A,,2,,,,,,
6/24/21,21-SP3,5A,,20,,,,,,
6/24/21,21-SP3,5A,,2,,0,,,,
6/24/21,21-SP3,5A,,2,,,,,,
6/24/21,21-SP3,5A,,20,,22,,,,
6/24/21,21-SP3,5A,,20,,21,,,,
6/24/21,21-SP3,5A,,20,,,,,,
6/24/21,21-SP3,5A,,2,,4,,,,
6/24/21,21-SP3,5A,,2,,,,,,
6/24/21,21-SP3,5A,,0,,,,,,
6/24/21,21-SP3,5A,,1,,0,,,,
6/24/21,21-SP3,5A,,1,,3,,,,
6/24/21,21-SP3,5A,,1,,,,,,
6/24/21,21-SP3,5A,,10,,1,,,,
6/24/21,21-SP3,5A,,10,,,,,,
6/24/21,21-SP3,5A,,11,,,,,,
6/24/21,21-SP3,5A,,10,,12,,,,
6/24/21,21-SP3,5A,,10,,,,,,
6/24/21,21-SP3,5A,,1,,,,,,
6/24/21,21-SP3,5A,,0,,,,,,
6/24/21,21-SP3,5A,,-1,,,,,,
6/24/21,21-SP3,5A,14:42,0,,,,,,
6/24/21,21-SP3,5A,,-1,,,,,,
6/24/21,21-SP3,5A,,0,,,,,,
6/24/21,21-SP3,5A,,2,,,,,,
6/24/21,21-SP3,5A,,20,,,,,,
6/24/21,21-SP3,5A,,22,,,,,,
6/24/21,21-SP3,5A,,222,,,,,,
6/24/21,21-SP3,5A,,2221,,,,,inspect,
6/24/21,21-SP3,5A,,222,,22,,,,
6/24/21,21-SP3,5A,,222,,,,,,
6/24/21,21-SP3,5A,,22,,,,,,
6/24/21,21-SP3,5A,,20,,,,,,
6/24/21,21-SP3,5A,,2,,0,,,,
6/24/21,21-SP3,5A,,2,,,,,,
6/24/21,21-SP3,5A,,4,,,,,,
6/24/21,21-SP3,5A,,6,,,,,,
6/24/21,21-SP3,5A,,60,,,,,,
6/24/21,21-SP3,5A,,61,,,,,,
6/24/21,21-SP3,5A,,60,,,,,,
6/24/21,21-SP3,5A,,62,,,,,,
6/24/21,21-SP3,5A,,60,,,,,,
6/24/21,21-SP3,5A,,6,,,,,,
6/24/21,21-SP3,5A,,4,,,,,,
6/24/21,21-SP3,5A,,40,,,,,,
6/24/21,21-SP3,5A,,42,,,,,,
6/24/21,21-SP3,5A,,421,,,,,,
6/24/21,21-SP3,5A,,42,,,,,,
6/24/21,21-SP3,5A,,422,,,,,,
6/24/21,21-SP3,5A,,42,,,,,,
6/24/21,21-SP3,5A,,40,,,,,,
6/24/21,21-SP3,5A,,41,,,,,,
6/24/21,21-SP3,5A,,40,,,,,,
6/24/21,21-SP3,5A,,4,,,,,,
6/24/21,21-SP3,5A,,2,,,,,,
6/24/21,21-SP3,5A,,0,,1,,,,
6/24/21,21-SP3,5A,,0,,,,,,
6/24/21,21-SP3,5A,,-1,,,,,,
6/24/21,21-SP3,5B,14:52,0,,-1,,,,
6/24/21,21-SP3,5B,,0,,-1,,,,
6/24/21,21-SP3,5B,,0,,,,,,
6/24/21,21-SP3,5B,,2,,,,,,
6/24/21,21-SP3,5B,,0,,-1,,,,
6/24/21,21-SP3,5B,,0,,-1,,,,
6/24/21,21-SP3,5B,,0,,,,,,
6/24/21,21-SP3,5B,,2,,,,,,
6/24/21,21-SP3,5B,,20,,,,,,
6/24/21,21-SP3,5B,,21,,211,,,,
6/24/21,21-SP3,5B,,21,,,,,,
6/24/21,21-SP3,5B,,20,,,,,,
6/24/21,21-SP3,5B,,2,,,,,,
6/24/21,21-SP3,5B,,0,,,,,,
6/24/21,21-SP3,5B,,-1,,,,,,
6/24/21,21-SP3,5B,,0,,2,,,,
6/24/21,21-SP3,5B,,0,,,,,,
6/24/21,21-SP3,5B,,-1,,,,,,
6/24/21,21-SP3,5B,14:59,0,,2,,,,
6/24/21,21-SP3,5B,,0,,-1,,,,
6/24/21,21-SP3,5B,,0,,,,,,
6/24/21,21-SP3,5B,,-1,,,,,,
6/24/21,21-SP3,5B,,0,,,,,,
6/24/21,21-SP3,5B,,1,,,,,,
6/24/21,21-SP3,5B,,10,,12,,,,
6/24/21,21-SP3,5B,,10,,,,,,
6/24/21,21-SP3,5B,,11,,111,,,,
6/24/21,21-SP3,5B,,11,,,,,,
6/24/21,21-SP3,5B,,10,,1,,,,
6/24/21,21-SP3,5B,,10,,12,,,,
6/24/21,21-SP3,5B,,10,,11,,,,
6/24/21,21-SP3,5B,,10,,,,,,
6/24/21,21-SP3,5B,,1,,,,,,
6/24/21,21-SP3,5B,,3,,,,,,
6/24/21,21-SP3,5B,,1,,,,,,
6/24/21,21-SP3,5B,,0,,-1,,,,
6/24/21,21-SP3,5B,,0,,,,,,
6/24/21,21-SP3,5B,,-1,,,,,,
6/24/21,21-SP3,5B,,,,,,,,
6/24/21,21-SP3,5B,,,,,,,,
6/24/21,21-SP3,6A,15:25,0,,,,,,
6/24/21,21-SP3,6A,,2,,4,,,,
6/24/21,21-SP3,6A,,2,,,,,,
6/24/21,21-SP3,6A,,0,,,,,,
6/24/21,21-SP3,6A,,1,,,,,,
6/24/21,21-SP3,6A,,0,,,,,,
6/24/21,21-SP3,6A,,2,,20,,,,
6/24/21,21-SP3,6A,,2,,0,,,,
6/24/21,21-SP3,6A,,2,,,,,,
6/24/21,21-SP3,6A,,20,,,,,,
6/24/21,21-SP3,6A,,22,,,,,,
6/24/21,21-SP3,6A,,222,,,,,,
6/24/21,21-SP3,6A,,22,,,,,,
6/24/21,21-SP3,6A,,20,,,,,,
6/24/21,21-SP3,6A,,2,,,,,,
6/24/21,21-SP3,6A,15:28,0,,,,,,
6/24/21,21-SP3,6A,,-1,,,,,,
6/24/21,21-SP3,6A,15:31,0,,,,,,
6/24/21,21-SP3,6A,,2,,20,,,,
6/24/21,21-SP3,6A,,2,,,,,,
6/24/21,21-SP3,6A,,4,,6,,,,
6/24/21,21-SP3,6A,,4,,,,,,
6/24/21,21-SP3,6A,,2,,,,,,
6/24/21,21-SP3,6A,,0,,,,,,
6/24/21,21-SP3,6A,,1,,,,,,
6/24/21,21-SP3,6A,,3,,,,,,
6/24/21,21-SP3,6A,,1,,,,,,
6/24/21,21-SP3,6A,,0,,,,,,
6/24/21,21-SP3,6A,15:34,-1,,,,,,
6/24/21,21-SP3,6A,15:36,0,,1,,,,
6/24/21,21-SP3,6A,,0,,1,,,,
6/24/21,21-SP3,6A,,0,,2,,,,
6/24/21,21-SP3,6A,,0,,,,,,
6/24/21,21-SP3,6A,,1,,,,,,
6/24/21,21-SP3,6A,,10,,,,,,
6/24/21,21-SP3,6A,,12,,,,,,
6/24/21,21-SP3,6A,,122,,,,,,
6/24/21,21-SP3,6A,,12,,,,,,
6/24/21,21-SP3,6A,,10,,,,,,
6/24/21,21-SP3,6A,,1,,,,,,
6/24/21,21-SP3,6A,15:38,0,,,,,,
6/24/21,21-SP3,6A,,1,,,,,,
6/24/21,21-SP3,6A,,3,,,,,,
6/24/21,21-SP3,6A,,30,,,,,,
6/24/21,21-SP3,6A,,32,,321,,,,
6/24/21,21-SP3,6A,,32,,,,,,
6/24/21,21-SP3,6A,,322,,,,,inspect (tag),
6/24/21,21-SP3,6A,,32,,,,,,
6/24/21,21-SP3,6A,,30,,,,,,
6/24/21,21-SP3,6A,,3,,,,,,
6/24/21,21-SP3,6A,,5,,,,,,
6/24/21,21-SP3,6A,,7,,,,,,
6/24/21,21-SP3,6A,,72,,,,,,
6/24/21,21-SP3,6A,,71,,,,,inspect (trunk),
6/24/21,21-SP3,6A,,7,,,,,,
6/24/21,21-SP3,6A,,5,,50,,,,
6/24/21,21-SP3,6A,,5,,,,,,
6/24/21,21-SP3,6A,,50,,,,,,
6/24/21,21-SP3,6A,,52,,,,,inspect,
6/24/21,21-SP3,6A,,50,,,,,,
6/24/21,21-SP3,6A,,51,,,,,,
6/24/21,21-SP3,6A,,50,,,,,,
6/24/21,21-SP3,6A,,5,,,,,,
6/24/21,21-SP3,6A,,3,,,,,,
6/24/21,21-SP3,6A,,1,,,,,,
6/24/21,21-SP3,6A,15:44,0,,,,,end of video,
6/24/21,21-SP3,6B,15:49,0,,,,,,
6/24/21,21-SP3,6B,,-1,,,,,,
6/24/21,21-SP3,6B,15:52,0,,,,,,
6/24/21,21-SP3,6B,,-1,,,,,,
6/24/21,21-SP3,6B,,0,,,,,,
6/24/21,21-SP3,6B,15:54,2,,,,,,
6/24/21,21-SP3,6B,,4,,,,,sniffed both ways,
6/24/21,21-SP3,6B,,2,,,,,,
6/24/21,21-SP3,6B,,0,,-1,,,,
6/24/21,21-SP3,6B,,0,,,,,,
6/24/21,21-SP3,6B,,1,,10,,,,
6/24/21,21-SP3,6B,,1,,,,,,
6/24/21,21-SP3,6B,,0,,,,,,
6/24/21,21-SP3,6B,,-1,,,,,,
6/24/21,21-SP3,6B,15:57,0,,,,,,
6/24/21,21-SP3,6B,,1,,,,,,
6/24/21,21-SP3,6B,,3,,,,,,
6/24/21,21-SP3,6B,,5,,,,,,
6/24/21,21-SP3,6B,,50,,,,,,
6/24/21,21-SP3,6B,,51,,,,,inspect (vitamin and water),
6/24/21,21-SP3,6B,,50,,,,,,
6/24/21,21-SP3,6B,,52,,,,,,
6/24/21,21-SP3,6B,,50,,,,,,
6/24/21,21-SP3,6B,,5,,,,,,
6/24/21,21-SP3,6B,,7,,,,,,
6/24/21,21-SP3,6B,,71,,,,,inspect (trunk),
6/24/21,21-SP3,6B,,7,,,,,,
6/24/21,21-SP3,6B,16:00,72,,,,,"inspect (nest, went all the way inside and down the tube)",
6/24/21,21-SP3,6B,,7,,,,,,
6/24/21,21-SP3,6B,,72,,,,,,
6/24/21,21-SP3,6B,,7,,71,,,,
6/24/21,21-SP3,6B,,7,,,,,,
6/24/21,21-SP3,6B,,5,,,,,,
6/24/21,21-SP3,6B,,3,,,,,,
6/24/21,21-SP3,6B,,1,,,,,,
6/24/21,21-SP3,6B,,10,,,,,,
6/24/21,21-SP3,6B,,11,,,,,,
6/24/21,21-SP3,6B,,10,,12,,,,
6/24/21,21-SP3,6B,,10,,,,,,
6/24/21,21-SP3,6B,,1,,0,,,,
6/24/21,21-SP3,6B,,1,,,,,,
6/24/21,21-SP3,6B,,3,,5,,,,
6/24/21,21-SP3,6B,,3,,1,,,,
6/24/21,21-SP3,6B,,3,,30,,,,
6/24/21,21-SP3,6B,,3,,,,,,
6/24/21,21-SP3,6B,,5,,,,,,
6/24/21,21-SP3,6B,,50,,,,,,
6/24/21,21-SP3,6B,16:03,51,,,,,inspect (2nd time),
6/24/21,21-SP3,6B,,50,,,,,,
6/24/21,21-SP3,6B,,52,,,,,,
6/24/21,21-SP3,6B,,50,,,,,,
6/24/21,21-SP3,6B,,5,,,,,,
6/24/21,21-SP3,6B,,7,,5,,,,
6/24/21,21-SP3,6B,,7,,,,,,
6/24/21,21-SP3,6B,,72,,,,,,
6/24/21,21-SP3,6B,,7,,71,,,,
6/24/21,21-SP3,6B,,7,,,,,,
6/24/21,21-SP3,6B,,72,,,,,,
6/24/21,21-SP3,6B,,7,,,,,,
6/24/21,21-SP3,6B,,5,,,,,,
6/24/21,21-SP3,6B,,3,,,,,,
6/24/21,21-SP3,6B,,1,,,,,,
6/24/21,21-SP3,6B,,10,,,,,,
6/24/21,21-SP3,6B,,12,,,,,,
6/24/21,21-SP3,6B,,10,,,,,,
6/24/21,21-SP3,6B,,1,,,,,,
6/24/21,21-SP3,6B,,0,,,,,,
6/24/21,21-SP3,6B,16:06,-1,,,,,,
6/24/21,21-SP3,7A,16:22,0,,,,,,
6/24/21,21-SP3,7A,,-1,,,,,,
6/24/21,21-SP3,7A,16:26,0,,2,,,,
6/24/21,21-SP3,7A,,0,,1,,,,
6/24/21,21-SP3,7A,,0,,,,,,
6/24/21,21-SP3,7A,,2,,20,,,,
6/24/21,21-SP3,7A,,2,,4,,,,
6/24/21,21-SP3,7A,,2,,,,,,
6/24/21,21-SP3,7A,,0,,,,,,
6/24/21,21-SP3,7A,,1,,,,,,
6/24/21,21-SP3,7A,,0,,,,,,
6/24/21,21-SP3,7A,,-1,,,,,,
6/24/21,21-SP3,7A,16:29,0,,,,,,
6/24/21,21-SP3,7A,,-1,,,,,,
6/24/21,21-SP3,7A,16:31,0,,,,,,
6/24/21,21-SP3,7A,,1,,10,,,,
6/24/21,21-SP3,7A,,1,,,,,,
6/24/21,21-SP3,7A,,3,,5,,,,
6/24/21,21-SP3,7A,,3,,,,,,
6/24/21,21-SP3,7A,,1,,10,,,,
6/24/21,21-SP3,7A,,1,,,,,,
6/24/21,21-SP3,7A,,0,,,,,,
6/24/21,21-SP3,7A,,-1,,,,,,
6/24/21,21-SP3,7A,16:32,0,,,,,,
6/24/21,21-SP3,7A,,2,,20,,,,
6/24/21,21-SP3,7A,,2,,,,,,
6/24/21,21-SP3,7A,,4,,,,,,
6/24/21,21-SP3,7A,,40,,,,,,
6/24/21,21-SP3,7A,,4,,,,,,
6/24/21,21-SP3,7A,,6,,8,,,,
6/24/21,21-SP3,7A,,6,,,,,,
6/24/21,21-SP3,7A,,60,,,,,,
6/24/21,21-SP3,7A,,61,,,,,inspect (vitamin),
6/24/21,21-SP3,7A,,60,,,,,,
6/24/21,21-SP3,7A,,62,,,,,,
6/24/21,21-SP3,7A,,60,,,,,,
6/24/21,21-SP3,7A,,6,,,,,,
6/24/21,21-SP3,7A,,4,,,,,,
6/24/21,21-SP3,7A,,2,,,,,,
6/24/21,21-SP3,7A,,20,,,,,,
6/24/21,21-SP3,7A,,21,,,,,,
6/24/21,21-SP3,7A,,211,,,,,,
6/24/21,21-SP3,7A,,2111,,,,,,
6/24/21,21-SP3,7A,,211,,,,,,
6/24/21,21-SP3,7A,,2112,,,,,,
6/24/21,21-SP3,7A,,211,,,,,,
6/24/21,21-SP3,7A,,21,,,,,,
6/24/21,21-SP3,7A,,212,,,,,,
6/24/21,21-SP3,7A,,2122,,,,,,
6/24/21,21-SP3,7A,,212,,,,,,
6/24/21,21-SP3,7A,,21,,,,,,
6/24/21,21-SP3,7A,,20,,,,,,
6/24/21,21-SP3,7A,,22,,221,,,,
6/24/21,21-SP3,7A,,22,,222,,,,
6/24/21,21-SP3,7A,,22,,,,,,
6/24/21,21-SP3,7A,,20,,,,,,
6/24/21,21-SP3,7A,,2,,0,,,,
6/24/21,21-SP3,7A,,2,,,,,,
6/24/21,21-SP3,7A,,0,,,,,,
6/24/21,21-SP3,7A,16:36,-1,,,,,,
6/24/21,21-SP3,7B,16:45,0,,2,,,,
6/24/21,21-SP3,7B,,0,,,,,,
6/24/21,21-SP3,7B,,1,,10,,,,
6/24/21,21-SP3,7B,,1,,,,,,
6/24/21,21-SP3,7B,,0,,,,,,
6/24/21,21-SP3,7B,,-1,,,,,,
6/24/21,21-SP3,7B,16:48,0,,,,,,
6/24/21,21-SP3,7B,,-1,,,,,,
6/24/21,21-SP3,7B,16:51,0,,,,,,
6/24/21,21-SP3,7B,,2,,20,,,,
6/24/21,21-SP3,7B,,2,,,,,,
6/24/21,21-SP3,7B,,0,,-1,,,,
6/24/21,21-SP3,7B,,0,,,,,,
6/24/21,21-SP3,7B,,1,,,,,,
6/24/21,21-SP3,7B,,3,,,,,,
6/24/21,21-SP3,7B,,30,,31,,,,
6/24/21,21-SP3,7B,,30,,,,,,
6/24/21,21-SP3,7B,,3,,5,,,,
6/24/21,21-SP3,7B,,3,,,,,,
6/24/21,21-SP3,7B,,1,,3,,,,
6/24/21,21-SP3,7B,,1,,,,,,
6/24/21,21-SP3,7B,,0,,,,,,
6/24/21,21-SP3,7B,,1,,,,,,
6/24/21,21-SP3,7B,,3,,,,,,
6/24/21,21-SP3,7B,,30,,,,,,
6/24/21,21-SP3,7B,,31,,,,,,
6/24/21,21-SP3,7B,,311,,,,,,
6/24/21,21-SP3,7B,,31,,,,,,
6/24/21,21-SP3,7B,,312,,,,,,
6/24/21,21-SP3,7B,,31,,,,,,
6/24/21,21-SP3,7B,,30,,,,,,
6/24/21,21-SP3,7B,,32,,,,,,
6/24/21,21-SP3,7B,,321,,,,,,
6/24/21,21-SP3,7B,,32,,,,,,
6/24/21,21-SP3,7B,,322,,,,,inspect (tag),
6/24/21,21-SP3,7B,,32,,,,,,
6/24/21,21-SP3,7B,16:56,321,,,,,"inspect (nest, went inside)",
6/24/21,21-SP3,7B,,32,,,,,,
6/24/21,21-SP3,7B,,30,,3,,,,
6/24/21,21-SP3,7B,,30,,,,,,
6/24/21,21-SP3,7B,,31,,,,,,
6/24/21,21-SP3,7B,,312,,,,,,
6/24/21,21-SP3,7B,,31,,,,,,
6/24/21,21-SP3,7B,,30,,,,,,
6/24/21,21-SP3,7B,,31,,,,,,
6/24/21,21-SP3,7B,16:58,311,,,,,inspect (vitamin and water),
6/24/21,21-SP3,7B,,31,,,,,,
6/24/21,21-SP3,7B,,312,,,,,,
6/24/21,21-SP3,7B,,31,,,,,,
6/24/21,21-SP3,7B,,30,,,,,,
6/24/21,21-SP3,7B,,32,,30,,,,
6/24/21,21-SP3,7B,,32,,,,,,
6/24/21,21-SP3,7B,,322,,,,,,
6/24/21,21-SP3,7B,,32,,,,,,
6/24/21,21-SP3,7B,,30,,,,,,
6/24/21,21-SP3,7B,,3,,1,,,,
6/24/21,21-SP3,7B,,3,,5,,,,
6/24/21,21-SP3,7B,,3,,30,,,,
6/24/21,21-SP3,7B,,3,,,,,,
6/24/21,21-SP3,7B,,1,,,,,,
6/24/21,21-SP3,7B,,0,,,,,,
6/24/21,21-SP3,7B,17:00,-1,,,,,,
6/25/21,21-SP3,8A,14:34,0,,1,,,looked at 2 first,
6/25/21,21-SP3,8A,,0,,-1,,,,
6/25/21,21-SP3,8A,,0,,,,,,
6/25/21,21-SP3,8A,,1,,,,,,
6/25/21,21-SP3,8A,,3,,30,,,,
6/25/21,21-SP3,8A,,3,,,,,,
6/25/21,21-SP3,8A,,5,,7,,,,
6/25/21,21-SP3,8A,,5,,50,,,,
6/25/21,21-SP3,8A,,5,,,,,,
6/25/21,21-SP3,8A,,3,,,,,,
6/25/21,21-SP3,8A,,1,,,,,,
6/25/21,21-SP3,8A,,3,,,,,,
6/25/21,21-SP3,8A,,5,,,,,,
6/25/21,21-SP3,8A,,7,,,,,,
6/25/21,21-SP3,8A,14:39,71,,,,,inspect (trunk + ground),
6/25/21,21-SP3,8A,14:45,ground,,,,,end video,
6/25/21,21-SP3,8B,14:53,0,,2,,,,
6/25/21,21-SP3,8B,,0,,1,,,,
6/25/21,21-SP3,8B,,0,,,,,,
6/25/21,21-SP3,8B,,1,,10,,,,
6/25/21,21-SP3,8B,,1,,,,,,
6/25/21,21-SP3,8B,,0,,,,,,
6/25/21,21-SP3,8B,,2,,20,,,,
6/25/21,21-SP3,8B,,2,,,,,,
6/25/21,21-SP3,8B,,0,,,,,,
6/25/21,21-SP3,8B,,1,,3,,,,
6/25/21,21-SP3,8B,,1,,10,,,,
6/25/21,21-SP3,8B,,1,,,,,,
6/25/21,21-SP3,8B,,0,,,,,,
6/25/21,21-SP3,8B,14:54,-1,,,,,,
6/25/21,21-SP3,8B,14:56,0,,1,,,,
6/25/21,21-SP3,8B,,0,,,,,,
6/25/21,21-SP3,8B,,1,,,,,,
6/25/21,21-SP3,8B,,3,,30,,,,
6/25/21,21-SP3,8B,,3,,5,,,,
6/25/21,21-SP3,8B,,3,,,,,,
6/25/21,21-SP3,8B,,1,,10,,,,
6/25/21,21-SP3,8B,,1,,,,,,
6/25/21,21-SP3,8B,,0,,,,,,
6/25/21,21-SP3,8B,,2,,,,,,
6/25/21,21-SP3,8B,,20,,,,,,
6/25/21,21-SP3,8B,,21,,211,,,,
6/25/21,21-SP3,8B,,21,,212,,,,
6/25/21,21-SP3,8B,,21,,,,,,
6/25/21,21-SP3,8B,,20,,,,,,
6/25/21,21-SP3,8B,,2,,,,,,
6/25/21,21-SP3,8B,,4,,6,,,,
6/25/21,21-SP3,8B,,4,,,,,,
6/25/21,21-SP3,8B,,40,,42,,,,
6/25/21,21-SP3,8B,,40,,,,,,
6/25/21,21-SP3,8B,,41,,,,,,
6/25/21,21-SP3,8B,,40,,,,,,
6/25/21,21-SP3,8B,,4,,,,,,
6/25/21,21-SP3,8B,,2,,,,,,
6/25/21,21-SP3,8B,,0,,,,,,
6/25/21,21-SP3,8B,,2,,,,,,
6/25/21,21-SP3,8B,,0,,,,,,
6/25/21,21-SP3,8B,14:58,-1,,,,,,
6/25/21,21-SP3,8B,15:00,0,,2,,,,
6/25/21,21-SP3,8B,,0,,-1,,,,
6/25/21,21-SP3,8B,,0,,,,,,
6/25/21,21-SP3,8B,,2,,,,,,
6/25/21,21-SP3,8B,,20,,,,,,
6/25/21,21-SP3,8B,,22,,,,,,
6/25/21,21-SP3,8B,,222,,,,,,
6/25/21,21-SP3,8B,,2221,,,,,,
6/25/21,21-SP3,8B,,222,,,,,,
6/25/21,21-SP3,8B,15:02,2222,,,,,inspect (sugar + pollen),
6/25/21,21-SP3,8B,,222,,,,,,
6/25/21,21-SP3,8B,,22,,,,,,
6/25/21,21-SP3,8B,,20,,,,,,
6/25/21,21-SP3,8B,,2,,,,,,
6/25/21,21-SP3,8B,,0,,-1,,,,
6/25/21,21-SP3,8B,,0,,1,,,,
6/25/21,21-SP3,8B,,0,,,,,,
6/25/21,21-SP3,8B,,1,,,,,,
6/25/21,21-SP3,8B,,3,,,,,,
6/25/21,21-SP3,8B,,30,,31,,,,
6/25/21,21-SP3,8B,,30,,,,,,
6/25/21,21-SP3,8B,,32,,,,,,
6/25/21,21-SP3,8B,,322,,,,,inspect (blank),
6/25/21,21-SP3,8B,,32,,,,,,
6/25/21,21-SP3,8B,,321,,,,,inspect (nest),
6/25/21,21-SP3,8B,,32,,,,,,
6/25/21,21-SP3,8B,,30,,,,,,
6/25/21,21-SP3,8B,,31,,,,,,
6/25/21,21-SP3,8B,15:05,311,,,,,inspect (vitamin and water),
6/25/21,21-SP3,8B,,31,,,,,,
6/25/21,21-SP3,8B,,30,,,,,,
6/25/21,21-SP3,8B,,3,,,,,,
6/25/21,21-SP3,8B,,1,,,,,,
6/25/21,21-SP3,8B,,0,,,,,,
6/25/21,21-SP3,8B,15:06,-1,,,,,,
6/28/21,21-MW3,1A,15:55,0,,,,,,
6/28/21,21-MW3,1A,,1,,,,,,
6/28/21,21-MW3,1A,,3,,,,,,
6/28/21,21-MW3,1A,,5,,,,,,
6/28/21,21-MW3,1A,,7,,,,,,
6/28/21,21-MW3,1A,15:56,71,,,,,inspect (trunk),
6/28/21,21-MW3,1A,,7,,5,,,,
6/28/21,21-MW3,1A,,7,,,,,,
6/28/21,21-MW3,1A,15:57,71,,,,,inspect (trunk),
6/28/21,21-MW3,1A,,7,,72,,,,
6/28/21,21-MW3,1A,,7,,,,,,
6/28/21,21-MW3,1A,,5,,,,,,
6/28/21,21-MW3,1A,,7,,,,,,
6/28/21,21-MW3,1A,,71,,,,,,
6/28/21,21-MW3,1A,,7,,,,,,
6/28/21,21-MW3,1A,,72,,,,,,
6/28/21,21-MW3,1A,,7,,,,,,
6/28/21,21-MW3,1A,,5,,3,,,,
6/28/21,21-MW3,1A,,5,,50,,,,
6/28/21,21-MW3,1A,,5,,,,,,
6/28/21,21-MW3,1A,,7,,,,,,
6/28/21,21-MW3,1A,15:59,71,,,,,inspect (trunk),
6/28/21,21-MW3,1A,,7,,,,,,
6/28/21,21-MW3,1A,,72,,,,,inspect (nest),
6/28/21,21-MW3,1A,,7,,,,,,
6/28/21,21-MW3,1A,,5,,,,,,
6/28/21,21-MW3,1A,,3,,,,,,
6/28/21,21-MW3,1A,,1,,,,,,
6/28/21,21-MW3,1A,,3,,,,,,
6/28/21,21-MW3,1A,,30,,,,,,
6/28/21,21-MW3,1A,,31,,311,,,,
6/28/21,21-MW3,1A,,31,,,,,,
6/28/21,21-MW3,1A,,312,,,,,,
6/28/21,21-MW3,1A,,31,,,,,,
6/28/21,21-MW3,1A,,30,,,,,,
6/28/21,21-MW3,1A,,32,,,,,,
6/28/21,21-MW3,1A,,322,,,,,inspect (tag),
6/28/21,21-MW3,1A,,32,,,,,,
6/28/21,21-MW3,1A,,322,,,,,,
6/28/21,21-MW3,1A,,32,,,,,,
6/28/21,21-MW3,1A,,30,,,,,,
6/28/21,21-MW3,1A,,3,,5,,,,
6/28/21,21-MW3,1A,,3,,,,,,
6/28/21,21-MW3,1A,,1,,10,,,,
6/28/21,21-MW3,1A,,1,,,,,,
6/28/21,21-MW3,1A,,0,,,,,,
6/28/21,21-MW3,1A,16:02,-1,,,,,,
6/28/21,21-MW3,1B,16:06,0,,,,,,
6/28/21,21-MW3,1B,,1,,,,,,
6/28/21,21-MW3,1B,,10,,,,,,
6/28/21,21-MW3,1B,,11,,,,,,
6/28/21,21-MW3,1B,,112,,,,,,
6/28/21,21-MW3,1B,16:07,1121,,,,,inspect (vitamin and water),
6/28/21,21-MW3,1B,,112,,,,,,
6/28/21,21-MW3,1B,,11,,,,,,
6/28/21,21-MW3,1B,,10,,,,,,
6/28/21,21-MW3,1B,,1,,,,,,
6/28/21,21-MW3,1B,,0,,,,,,
6/28/21,21-MW3,1B,,1,,,,,,
6/28/21,21-MW3,1B,,10,,,,,,
6/28/21,21-MW3,1B,,12,,,,,,
6/28/21,21-MW3,1B,,122,,,,,,
6/28/21,21-MW3,1B,16:09,1221,,,,,inspect (nest),
6/28/21,21-MW3,1B,,122,,,,,,
6/28/21,21-MW3,1B,,12,,,,,,
6/28/21,21-MW3,1B,,121,,,,,,
6/28/21,21-MW3,1B,,1212,,,,,,
6/28/21,21-MW3,1B,16:11,1211,,,,,inspect (vitamin and water),
6/28/21,21-MW3,1B,,121,,,,,,
6/28/21,21-MW3,1B,,12,,,,,,
6/28/21,21-MW3,1B,,10,,,,,,
6/28/21,21-MW3,1B,,11,,,,,,
6/28/21,21-MW3,1B,,112,,,,,,
6/28/21,21-MW3,1B,16:12,1122,,,,,inspect (pollen and sugar),
6/28/21,21-MW3,1B,,112,,,,,,
6/28/21,21-MW3,1B,16:13,1121,,,,,inspect (vitamin and water),
6/28/21,21-MW3,1B,,112,,,,,,
6/28/21,21-MW3,1B,,11,,,,,,
6/28/21,21-MW3,1B,,10,,,,,,
6/28/21,21-MW3,1B,,12,,,,,,
6/28/21,21-MW3,1B,,121,,,,,,
6/28/21,21-MW3,1B,16:15,1212,,,,,inspect (pollen and sugar),
6/28/21,21-MW3,1B,,121,,,,,,
6/28/21,21-MW3,1B,,12,,122,,,,
6/28/21,21-MW3,1B,,12,,,,,,
6/28/21,21-MW3,1B,,10,,,,,,
6/28/21,21-MW3,1B,,1,,,,,,
6/28/21,21-MW3,1B,,3,,30,,,,
6/28/21,21-MW3,1B,,3,,,,,,
6/28/21,21-MW3,1B,,5,,,,,,
6/28/21,21-MW3,1B,,7,,,,,,
6/28/21,21-MW3,1B,16:16,72,,,,,inspect (nest),
6/28/21,21-MW3,1B,,7,,,,,,
6/28/21,21-MW3,1B,16:17,71,,7,,,inspect (trunk),
6/28/21,21-MW3,1B,16:22,71,,,,,,
6/28/21,21-MW3,1B,16:28,71,,,,,end video,
6/29/21,21-MW3,2A,15:14,0,,,,,,
6/29/21,21-MW3,2A,,1,,,,,,
6/29/21,21-MW3,2A,,3,,,,,,
6/29/21,21-MW3,2A,,30,,,,,,
6/29/21,21-MW3,2A,,31,,,,,,
6/29/21,21-MW3,2A,,311,,,,,,
6/29/21,21-MW3,2A,,31,,,,,,
6/29/21,21-MW3,2A,,312,,,,,,
6/29/21,21-MW3,2A,,31,,,,,,
6/29/21,21-MW3,2A,,30,,,,,,
6/29/21,21-MW3,2A,,32,,,,,,
6/29/21,21-MW3,2A,15:16,321,,,,,inspect (nest),
6/29/21,21-MW3,2A,15:24,32,,,,,,
6/29/21,21-MW3,2A,,30,,,,,,
6/29/21,21-MW3,2A,,3,,,,,,
6/29/21,21-MW3,2A,,5,,,,,,
6/29/21,21-MW3,2A,,50,,,,,,
6/29/21,21-MW3,2A,15:25,51,,,,,inspect (water and vitamin),
6/29/21,21-MW3,2A,,50,,,,,,
6/29/21,21-MW3,2A,,52,,,,,,
6/29/21,21-MW3,2A,,50,,,,,,
6/29/21,21-MW3,2A,,5,,,,,,
6/29/21,21-MW3,2A,,7,,,,,,
6/29/21,21-MW3,2A,15:31,71,,,,,inspect (trunk),
6/29/21,21-MW3,2A,15:34,71,,,,,end of video,
6/29/21,21-MW3,2B,15:41,0,,,,,,
6/29/21,21-MW3,2B,,2,,,,,,
6/29/21,21-MW3,2B,,0,,,,,,
6/29/21,21-MW3,2B,,1,,3,,,,
6/29/21,21-MW3,2B,,1,,,,,,
6/29/21,21-MW3,2B,,10,,,,,,
6/29/21,21-MW3,2B,,12,,,,,,
6/29/21,21-MW3,2B,,10,,,,,,
6/29/21,21-MW3,2B,,1,,,,,,
6/29/21,21-MW3,2B,,0,,,,,,
6/29/21,21-MW3,2B,15:42,-1,,,,,,
6/29/21,21-MW3,2B,15:46,0,,,,,,
6/29/21,21-MW3,2B,,1,,,,,,
6/29/21,21-MW3,2B,,3,,,,,,
6/29/21,21-MW3,2B,,5,,,,,,
6/29/21,21-MW3,2B,,7,,,,,,
6/29/21,21-MW3,2B,15:47,71,,,,,inspect (trunk),
6/29/21,21-MW3,2B,,7,,,,,,
6/29/21,21-MW3,2B,,5,,,,,,
6/29/21,21-MW3,2B,,50,,,,,,
6/29/21,21-MW3,2B,,52,,,,,,
6/29/21,21-MW3,2B,,50,,,,,,
6/29/21,21-MW3,2B,,51,,,,,,
6/29/21,21-MW3,2B,,50,,,,,,
6/29/21,21-MW3,2B,,5,,,,,,
6/29/21,21-MW3,2B,,3,,,,,,
6/29/21,21-MW3,2B,,30,,,,,,
6/29/21,21-MW3,2B,,32,,,,,,
6/29/21,21-MW3,2B,15:49,321,,,,,inspect (nest),
6/29/21,21-MW3,2B,,32,,,,,,
6/29/21,21-MW3,2B,,321,,,,,inspect (nest),
6/29/21,21-MW3,2B,,32,,,,,,
6/29/21,21-MW3,2B,,30,,,,,,
6/29/21,21-MW3,2B,,3,,1,,,,
6/29/21,21-MW3,2B,,3,,,,,,
6/29/21,21-MW3,2B,,30,,,,,,
6/29/21,21-MW3,2B,,31,,,,,,
6/29/21,21-MW3,2B,,312,,,,,,
6/29/21,21-MW3,2B,,31,,,,,,
6/29/21,21-MW3,2B,,30,,,,,,
6/29/21,21-MW3,2B,,32,,,,,,
6/29/21,21-MW3,2B,,321,,,,,,
6/29/21,21-MW3,2B,,32,,,,,,
6/29/21,21-MW3,2B,15:52,322,,,,,inspect (tag),
6/29/21,21-MW3,2B,,32,,,,,,
6/29/21,21-MW3,2B,,30,,,,,,
6/29/21,21-MW3,2B,,3,,5,,,,
6/29/21,21-MW3,2B,,3,,,,,,
6/29/21,21-MW3,2B,,1,,,,,,
6/29/21,21-MW3,2B,,0,,,,,,
6/29/21,21-MW3,2B,15:53,-1,,,,,,
6/30/21,21-MW3,3A,16:11,0,,,,,,
6/30/21,21-MW3,3A,,1,,,,,,
6/30/21,21-MW3,3A,,3,,,,,,
6/30/21,21-MW3,3A,,5,,,,,,
6/30/21,21-MW3,3A,,7,,,,,,
6/30/21,21-MW3,3A,,72,,,,,,
6/30/21,21-MW3,3A,,7,,,,,,
6/30/21,21-MW3,3A,,5,,,,,,
6/30/21,21-MW3,3A,,3,,,,,,
6/30/21,21-MW3,3A,,1,,,,,,
6/30/21,21-MW3,3A,,0,,-1,,,,FLAG
6/30/21,21-MW3,3A,,0,,,,,,
6/30/21,21-MW3,3A,,2,,,,,,
6/30/21,21-MW3,3A,,0,,,,,,
6/30/21,21-MW3,3A,,1,,10,,,,
6/30/21,21-MW3,3A,,1,,,,,,
6/30/21,21-MW3,3A,,3,,,,,,
6/30/21,21-MW3,3A,,5,,,,,,
6/30/21,21-MW3,3A,,7,,,,,,
6/30/21,21-MW3,3A,,71,,,,,inspect,
6/30/21,21-MW3,3A,,7,,,,,,
6/30/21,21-MW3,3A,,5,,,,,,
6/30/21,21-MW3,3A,,50,,,,,,
6/30/21,21-MW3,3A,,52,,,,,,
6/30/21,21-MW3,3A,,50,,,,,,
6/30/21,21-MW3,3A,,51,,,,,inspect,
6/30/21,21-MW3,3A,,50,,,,,,
6/30/21,21-MW3,3A,,5,,,,,,
6/30/21,21-MW3,3A,,3,,,,,,
6/30/21,21-MW3,3A,,1,,10,,,,
6/30/21,21-MW3,3A,,1,,,,,,
6/30/21,21-MW3,3A,,0,,,,,,
6/30/21,21-MW3,3A,,-1,,,,,,
6/30/21,21-MW3,3B,16:21,0,,2,,,,
6/30/21,21-MW3,3B,,0,,,,,,
6/30/21,21-MW3,3B,,1,,,,,,
6/30/21,21-MW3,3B,,10,,,,,,
6/30/21,21-MW3,3B,,12,,,,,,
6/30/21,21-MW3,3B,,121,,,,,,
6/30/21,21-MW3,3B,,1211,,,,,inspect,
6/30/21,21-MW3,3B,,121,,,,,,
6/30/21,21-MW3,3B,,1212,,,,,inspect,
6/30/21,21-MW3,3B,,121,,,,,,
6/30/21,21-MW3,3B,,1211,,,,,inspect,
6/30/21,21-MW3,3B,,121,,,,,,
6/30/21,21-MW3,3B,,12,,,,,,
6/30/21,21-MW3,3B,,10,,,,,,
6/30/21,21-MW3,3B,,1,,,,,,
6/30/21,21-MW3,3B,,3,,,,,,
6/30/21,21-MW3,3B,,5,,,,,,
6/30/21,21-MW3,3B,,7,,,,,,
6/30/21,21-MW3,3B,,72,,,,,inspect,
6/30/21,21-MW3,3B,,7,,5,,,,
6/30/21,21-MW3,3B,,7,,,,,,
6/30/21,21-MW3,3B,,71,,,,,inspect,
6/30/21,21-MW3,3B,,7,,,,,,
6/30/21,21-MW3,3B,,5,,,,,,
6/30/21,21-MW3,3B,,50,,,,,,
6/30/21,21-MW3,3B,,52,,,,,inspect,
6/30/21,21-MW3,3B,,50,,,,,,
6/30/21,21-MW3,3B,,51,,,,,inspect,
6/30/21,21-MW3,3B,,50,,,,,,
6/30/21,21-MW3,3B,,5,,,,,,
6/30/21,21-MW3,3B,,3,,,,,,
6/30/21,21-MW3,3B,,30,,,,,,
6/30/21,21-MW3,3B,,31,,311,,,,
6/30/21,21-MW3,3B,,31,,312,,,,
6/30/21,21-MW3,3B,,31,,,,,,
6/30/21,21-MW3,3B,,30,,,,,,
6/30/21,21-MW3,3B,,32,,,,,,
6/30/21,21-MW3,3B,,321,,,,,,
6/30/21,21-MW3,3B,,32,,,,,,
6/30/21,21-MW3,3B,,322,,,,,inspect,
6/30/21,21-MW3,3B,,32,,,,,,
6/30/21,21-MW3,3B,,30,,,,,,
6/30/21,21-MW3,3B,,3,,,,,,
6/30/21,21-MW3,3B,,5,,,,,,
6/30/21,21-MW3,3B,,50,,,,,,
6/30/21,21-MW3,3B,,52,,,,,,
6/30/21,21-MW3,3B,,50,,,,,,
6/30/21,21-MW3,3B,,51,,,,,inspect,
6/30/21,21-MW3,3B,,50,,,,,,
6/30/21,21-MW3,3B,,5,,,,,,
6/30/21,21-MW3,3B,,3,,,,,,
6/30/21,21-MW3,3B,,30,,,,,,
6/30/21,21-MW3,3B,,32,,,,,,
6/30/21,21-MW3,3B,,322,,,,,,
6/30/21,21-MW3,3B,,32,,,,,,
6/30/21,21-MW3,3B,,30,,,,,,
6/30/21,21-MW3,3B,,31,,,,,,
6/30/21,21-MW3,3B,,30,,,,,,
6/30/21,21-MW3,3B,,31,,,,,,
6/30/21,21-MW3,3B,,312,,,,,inspect,
6/30/21,21-MW3,3B,,31,,,,,,
6/30/21,21-MW3,3B,,311,,,,,inspect,
6/30/21,21-MW3,3B,,31,,30,,,,
6/30/21,21-MW3,3B,,31,,,,,,
6/30/21,21-MW3,3B,,311,,,,,inspect,
6/30/21,21-MW3,3B,,31,,,,,,
6/30/21,21-MW3,3B,,312,,,,,walk between platforms,
6/30/21,21-MW3,3B,,31,,311,,,,
6/30/21,21-MW3,3B,,31,,,,,,
6/30/21,21-MW3,3B,,312,,,,,inspect,
6/30/21,21-MW3,3B,,31,,,,,,
6/30/21,21-MW3,3B,,30,,,,,,
6/30/21,21-MW3,3B,,32,,,,,,
6/30/21,21-MW3,3B,,321,,32,,,inspect,
6/30/21,21-MW3,3B,,321,,,,,,
6/30/21,21-MW3,3B,,32,,,,,,
6/30/21,21-MW3,3B,,30,,,,,,
6/30/21,21-MW3,3B,,31,,,,,,
6/30/21,21-MW3,3B,,311,,,,,,
6/30/21,21-MW3,3B,,31,,,,,,
6/30/21,21-MW3,3B,,312,,,,,inspect,
6/30/21,21-MW3,3B,,31,,,,,,
6/30/21,21-MW3,3B,,311,,,,,,
6/30/21,21-MW3,3B,,31,,,,,,
6/30/21,21-MW3,3B,,30,,,,,,
6/30/21,21-MW3,3B,,3,,,,,,
6/30/21,21-MW3,3B,,1,,,,,,
6/30/21,21-MW3,3B,,0,,-1,,,,
6/30/21,21-MW3,3B,,0,,,,,,
6/30/21,21-MW3,3B,,-1,,,,,,
07/01/21,21-MW3,4A,14:24,0,,1,,,,
07/01/21,21-MW3,4A,,0,,,,,,
07/01/21,21-MW3,4A,,2,,,,,,
07/01/21,21-MW3,4A,,0,,,,,,
07/01/21,21-MW3,4A,,-1,,,,,,
07/01/21,21-MW3,4A,,0,,,,,,
07/01/21,21-MW3,4A,,1,,,,,,
07/01/21,21-MW3,4A,,3,,,,,,
07/01/21,21-MW3,4A,,5,,,,,,
07/01/21,21-MW3,4A,,50,,,,,,
07/01/21,21-MW3,4A,,51,,,,,inspect,
07/01/21,21-MW3,4A,,50,,,,,,
07/01/21,21-MW3,4A,,5,,7,,,,
07/01/21,21-MW3,4A,,5,,,,,,
07/01/21,21-MW3,4A,,50,,,,,,
07/01/21,21-MW3,4A,,5,,,,,,
07/01/21,21-MW3,4A,,3,,1,,,,
07/01/21,21-MW3,4A,,3,,30,,,,
07/01/21,21-MW3,4A,,3,,,,,,
07/01/21,21-MW3,4A,,5,,,,,,
07/01/21,21-MW3,4A,,3,,,,,,
07/01/21,21-MW3,4A,,1,,,,,,
07/01/21,21-MW3,4A,,10,,,,,,
07/01/21,21-MW3,4A,,12,,122,,,,
07/01/21,21-MW3,4A,,12,,,,,,
07/01/21,21-MW3,4A,,10,,,,,,
07/01/21,21-MW3,4A,,1,,3,,,,
07/01/21,21-MW3,4A,,1,,,,,,
07/01/21,21-MW3,4A,,0,,,,,,
07/01/21,21-MW3,4A,,-1,,,,,,
07/01/21,21-MW3,4B,14:34,0,,1,,,,
07/01/21,21-MW3,4B,,0,,,,,,
07/01/21,21-MW3,4B,,1,,,,,,
07/01/21,21-MW3,4B,,10,,,,,,
07/01/21,21-MW3,4B,,11,,111,,,,
07/01/21,21-MW3,4B,,11,,,,,,
07/01/21,21-MW3,4B,,112,,1122,,,,
07/01/21,21-MW3,4B,,112,,,,,,
07/01/21,21-MW3,4B,,11,,,,,,
07/01/21,21-MW3,4B,,10,,,,,,
07/01/21,21-MW3,4B,,11,,,,,,
07/01/21,21-MW3,4B,,111,,,,,,
07/01/21,21-MW3,4B,,1111,,,,,inspect,
07/01/21,21-MW3,4B,,111,,,,,,
07/01/21,21-MW3,4B,,1112,,,,,inspect,
07/01/21,21-MW3,4B,,111,,,,,,
07/01/21,21-MW3,4B,,11,,,,,,
07/01/21,21-MW3,4B,,111,,,,,,
07/01/21,21-MW3,4B,,1111,,,,,inspect,
07/01/21,21-MW3,4B,,111,,,,,,
07/01/21,21-MW3,4B,,1112,,,,,inspect,
07/01/21,21-MW3,4B,,111,,11,,,,
07/01/21,21-MW3,4B,,111,,,,,,
07/01/21,21-MW3,4B,,1111,,,,,inspect,
07/01/21,21-MW3,4B,,111,,,,,,
07/01/21,21-MW3,4B,,1112,,,,,,
07/01/21,21-MW3,4B,,111,,,,,,
07/01/21,21-MW3,4B,,11,,,,,,
07/01/21,21-MW3,4B,,10,,,,,,
07/01/21,21-MW3,4B,,12,,,,,,
07/01/21,21-MW3,4B,,10,,,,,,
07/01/21,21-MW3,4B,,1,,,,,,
07/01/21,21-MW3,4B,,0,,,,,,
07/01/21,21-MW3,4B,,-1,,,,,,
07/01/21,21-MW3,5A,15:49,0,,,,,,
07/01/21,21-MW3,5A,,1,,3,,,,
07/01/21,21-MW3,5A,,1,,,,,,
07/01/21,21-MW3,5A,,0,,,,,,
07/01/21,21-MW3,5A,,-1,,,,,,
07/01/21,21-MW3,5A,,0,,,,,,
07/01/21,21-MW3,5A,,2,,,,,,
07/01/21,21-MW3,5A,,0,,,,,,
07/01/21,21-MW3,5A,,1,,,,,,
07/01/21,21-MW3,5A,,10,,,,,,
07/01/21,21-MW3,5A,,1,,,,,,
07/01/21,21-MW3,5A,,3,,,,,,
07/01/21,21-MW3,5A,,1,,,,,,
07/01/21,21-MW3,5A,,0,,-1,,,,
07/01/21,21-MW3,5A,,0,,,,,,
07/01/21,21-MW3,5A,,2,,,,,,
07/01/21,21-MW3,5A,,20,,,,,,
07/01/21,21-MW3,5A,,21,,,,,,
07/01/21,21-MW3,5A,,20,,,,,,
07/01/21,21-MW3,5A,,2,,,,,,
07/01/21,21-MW3,5A,,4,,40,,,,
07/01/21,21-MW3,5A,,4,,,,,,
07/01/21,21-MW3,5A,,2,,,,,,
07/01/21,21-MW3,5A,,0,,,,,,
07/01/21,21-MW3,5A,,1,,,,,,
07/01/21,21-MW3,5A,,0,,,,,,
07/01/21,21-MW3,5A,,-1,,,,,,
07/01/21,21-MW3,5A,,0,,,,,,
07/01/21,21-MW3,5A,,1,,,,,,
07/01/21,21-MW3,5A,,0,,,,,,
07/01/21,21-MW3,5A,,-1,,,,,,
07/01/21,21-MW3,5A,,0,,,,,,
07/01/21,21-MW3,5A,,2,,,,,,
07/01/21,21-MW3,5A,,20,,,,,,
07/01/21,21-MW3,5A,,22,,,,,,
07/01/21,21-MW3,5A,,222,,,,,,
07/01/21,21-MW3,5A,,2222,,,,,inspect,
07/01/21,21-MW3,5A,,222,,,,,,
07/01/21,21-MW3,5A,,2221,,,,,,
07/01/21,21-MW3,5A,,222,,,,,,
07/01/21,21-MW3,5A,,22,,221,,,,
07/01/21,21-MW3,5A,,22,,,,,,
07/01/21,21-MW3,5A,,20,,,,,,
07/01/21,21-MW3,5A,,21,,,,,,
07/01/21,21-MW3,5A,,20,,,,,,
07/01/21,21-MW3,5A,,2,,4,,,,
07/01/21,21-MW3,5A,,2,,,,,,
07/01/21,21-MW3,5A,,0,,,,,,
07/01/21,21-MW3,5A,,1,,,,,,
07/01/21,21-MW3,5A,,3,,,,,,
07/01/21,21-MW3,5A,,30,,,,,,
07/01/21,21-MW3,5A,,31,,,,,,
07/01/21,21-MW3,5A,,311,,,,,inspect,
07/01/21,21-MW3,5A,,31,,,,,,
07/01/21,21-MW3,5A,,30,,,,,,
07/01/21,21-MW3,5A,,3,,,,,,
07/01/21,21-MW3,5A,,1,,,,,,
07/01/21,21-MW3,5A,,0,,,,,,
07/01/21,21-MW3,5A,,2,,,,,,
07/01/21,21-MW3,5A,,20,,,,,,
07/01/21,21-MW3,5A,,21,,,,,,
07/01/21,21-MW3,5A,,211,,,,,,
07/01/21,21-MW3,5A,,2111,,,,,inspection,
07/01/21,21-MW3,5A,,211,,,,,,
07/01/21,21-MW3,5A,,21,,,,,,
07/01/21,21-MW3,5A,,20,,,,,,
07/01/21,21-MW3,5A,,2,,,,,,
07/01/21,21-MW3,5A,,4,,,,,,
07/01/21,21-MW3,5A,,6,,,,,,
07/01/21,21-MW3,5A,,8,,,,,,
07/01/21,21-MW3,5A,,6,,,,,,
07/01/21,21-MW3,5A,,60,,62,,,,
07/01/21,21-MW3,5A,,60,,,,,,
07/01/21,21-MW3,5A,,6,,,,,,
07/01/21,21-MW3,5A,,4,,,,,,
07/01/21,21-MW3,5A,,2,,,,,,
07/01/21,21-MW3,5A,,0,,,,,,
07/01/21,21-MW3,5A,,-1,,,,,,
07/01/21,21-MW3,5B,16:08,0,,2,,,,
07/01/21,21-MW3,5B,,0,,,,,,
07/01/21,21-MW3,5B,,1,,3,,,,
07/01/21,21-MW3,5B,,1,,,,,,
07/01/21,21-MW3,5B,,0,,,,,,
07/01/21,21-MW3,5B,,2,,,,,,
07/01/21,21-MW3,5B,,20,,,,,,
07/01/21,21-MW3,5B,,22,,,,,,
07/01/21,21-MW3,5B,,222,,,,,,
07/01/21,21-MW3,5B,,2221,,,,,inspect,
07/01/21,21-MW3,5B,,222,,,,,,
07/01/21,21-MW3,5B,,2222,,,,,inspect,
07/01/21,21-MW3,5B,,222,,,,,,
07/01/21,21-MW3,5B,,22,,,,,,
07/01/21,21-MW3,5B,,20,,,,,,
07/01/21,21-MW3,5B,,2,,4,,,,
07/01/21,21-MW3,5B,,2,,,,,,
07/01/21,21-MW3,5B,,0,,,,,,
07/01/21,21-MW3,5B,,1,,,,,,
07/01/21,21-MW3,5B,,3,,30,,,,
07/01/21,21-MW3,5B,,3,,,,,,
07/01/21,21-MW3,5B,,5,,,,,,
07/01/21,21-MW3,5B,,3,,,,,,
07/01/21,21-MW3,5B,,30,,,,,,
07/01/21,21-MW3,5B,,32,,,,,,
07/01/21,21-MW3,5B,,321,,,,,,
07/01/21,21-MW3,5B,,32,,,,,,
07/01/21,21-MW3,5B,,30,,,,,,
07/01/21,21-MW3,5B,,31,,,,,,
07/01/21,21-MW3,5B,,312,,,,,inspect,
07/01/21,21-MW3,5B,,31,,,,,,
07/01/21,21-MW3,5B,,311,,,,,inspect,
07/01/21,21-MW3,5B,,31,,,,,,
07/01/21,21-MW3,5B,,30,,,,,,
07/01/21,21-MW3,5B,,3,,,,,,
07/01/21,21-MW3,5B,,1,,,,,,
07/01/21,21-MW3,5B,,0,,,,,,
07/01/21,21-MW3,5B,,-1,,,,,,
07/02/21,21-MW3,6A,14:22,0,,,,,,
07/02/21,21-MW3,6A,,2,,,,,,
07/02/21,21-MW3,6A,,4,,,,,,
07/02/21,21-MW3,6A,,2,,,,,,
07/02/21,21-MW3,6A,,0,,,,,,
07/02/21,21-MW3,6A,,1,,,,,,
07/02/21,21-MW3,6A,,0,,-1,,,,
07/02/21,21-MW3,6A,,0,,,,,,
07/02/21,21-MW3,6A,,2,,,,,,
07/02/21,21-MW3,6A,,4,,,,,,
07/02/21,21-MW3,6A,,40,,41,,,,
07/02/21,21-MW3,6A,,40,,,,,,
07/02/21,21-MW3,6A,,4,,,,,,
07/02/21,21-MW3,6A,,6,,,,,,
07/02/21,21-MW3,6A,,60,,,,,,
07/02/21,21-MW3,6A,,61,,,,,,
07/02/21,21-MW3,6A,,60,,,,,,
07/02/21,21-MW3,6A,,6,,8,,,,
07/02/21,21-MW3,6A,,6,,,,,,
07/02/21,21-MW3,6A,,4,,40,,,,
07/02/21,21-MW3,6A,,4,,,,,,
07/02/21,21-MW3,6A,,2,,,,,,
07/02/21,21-MW3,6A,,0,,,,,,
07/02/21,21-MW3,6A,,1,,,,,,
07/02/21,21-MW3,6A,,3,,5,,,,
07/02/21,21-MW3,6A,,3,,,,,,
07/02/21,21-MW3,6A,,1,,,,,,
07/02/21,21-MW3,6A,,10,,,,,,
07/02/21,21-MW3,6A,,1,,,,,,
07/02/21,21-MW3,6A,,0,,,,,,
07/02/21,21-MW3,6A,,2,,,,,,
07/02/21,21-MW3,6A,,20,,,,,,
07/02/21,21-MW3,6A,,22,,,,,,
07/02/21,21-MW3,6A,,222,,2221,,,,
07/02/21,21-MW3,6A,,222,,2222,,,,
07/02/21,21-MW3,6A,,222,,,,,,
07/02/21,21-MW3,6A,,22,,,,,,
07/02/21,21-MW3,6A,,20,,22,,,,
07/02/21,21-MW3,6A,,20,,,,,,
07/02/21,21-MW3,6A,,21,,212,,,,
07/02/21,21-MW3,6A,,21,,211,,,,
07/02/21,21-MW3,6A,,21,,,,,,
07/02/21,21-MW3,6A,,20,,,,,,
07/02/21,21-MW3,6A,,2,,,,,,
07/02/21,21-MW3,6A,,4,,,,,,
07/02/21,21-MW3,6A,,2,,,,,,
07/02/21,21-MW3,6A,,0,,,,,,
07/02/21,21-MW3,6A,,1,,,,,,
07/02/21,21-MW3,6A,,10,,,,,,
07/02/21,21-MW3,6A,,12,,,,,,
07/02/21,21-MW3,6A,,121,,,,,,
07/02/21,21-MW3,6A,,1211,,,,,inspect (water +vitamin),
07/02/21,21-MW3,6A,,121,,,,,,
07/02/21,21-MW3,6A,,1212,,,,,,
07/02/21,21-MW3,6A,,121,,,,,,
07/02/21,21-MW3,6A,,12,,,,,,
07/02/21,21-MW3,6A,,10,,,,,,
07/02/21,21-MW3,6A,,1,,,,,,
07/02/21,21-MW3,6A,,3,,,,,,
07/02/21,21-MW3,6A,,5,,,,,,
07/02/21,21-MW3,6A,,3,,5,,,,
07/02/21,21-MW3,6A,,3,,,,,,
07/02/21,21-MW3,6A,,1,,,,,,
07/02/21,21-MW3,6A,,0,,,,,,
07/02/21,21-MW3,6A,14:30,-1,,,,,,
7/2/21,21-MW3,6B,14:35,0,,,,,,
7/2/21,21-MW3,6B,,2,,,,,,
7/2/21,21-MW3,6B,,20,,21,,,,
7/2/21,21-MW3,6B,,20,,,,,,
7/2/21,21-MW3,6B,,2,,,,,,
7/2/21,21-MW3,6B,,0,,,,,,
7/2/21,21-MW3,6B,14:36,-1,,,,,,
7/2/21,21-MW3,6B,,0,,,,,,
7/2/21,21-MW3,6B,,1,,10,,,,
7/2/21,21-MW3,6B,,1,,,,,,
7/2/21,21-MW3,6B,,3,,5,,,,
7/2/21,21-MW3,6B,,3,,30,,,,
7/2/21,21-MW3,6B,,3,,,,,,
7/2/21,21-MW3,6B,,1,,,,,,
7/2/21,21-MW3,6B,,0,,,,,,
7/2/21,21-MW3,6B,14:38,-1,,,,,,
7/2/21,21-MW3,6B,14:41,0,,,,,,
7/2/21,21-MW3,6B,,1,,,,,,
7/2/21,21-MW3,6B,,3,,30,,,,
7/2/21,21-MW3,6B,,3,,,,,,
7/2/21,21-MW3,6B,,5,,,,,,
7/2/21,21-MW3,6B,,7,,,,,,
7/2/21,21-MW3,6B,,5,,,,,,
7/2/21,21-MW3,6B,,3,,,,,,
7/2/21,21-MW3,6B,,1,,,,,,
7/2/21,21-MW3,6B,,10,,,,,,
7/2/21,21-MW3,6B,,11,,,,,,
7/2/21,21-MW3,6B,,111,,,,,,
7/2/21,21-MW3,6B,,11,,,,,,
7/2/21,21-MW3,6B,,112,,,,,,
7/2/21,21-MW3,6B,,1122,,,,,,
7/2/21,21-MW3,6B,,112,,,,,,
7/2/21,21-MW3,6B,,11,,,,,,
7/2/21,21-MW3,6B,,10,,,,,,
7/2/21,21-MW3,6B,,12,,,,,,
7/2/21,21-MW3,6B,,122,,,,,,
7/2/21,21-MW3,6B,14:45,1221,,,,,inspect (nest),
7/2/21,21-MW3,6B,,122,,,,,,
7/2/21,21-MW3,6B,,12,,121,,,,
7/2/21,21-MW3,6B,,12,,,,,,
7/2/21,21-MW3,6B,,10,,,,,,
7/2/21,21-MW3,6B,,11,,,,,,
7/2/21,21-MW3,6B,,112,,,,,,
7/2/21,21-MW3,6B,,1121,,,,,,
7/2/21,21-MW3,6B,,112,,,,,,
7/2/21,21-MW3,6B,,1122,,,,,,
7/2/21,21-MW3,6B,,112,,,,,,
7/2/21,21-MW3,6B,14:48,1122,,,,,inspect (sugar + pollen),
7/2/21,21-MW3,6B,,112,,,,,,
7/2/21,21-MW3,6B,,11,,,,,,
7/2/21,21-MW3,6B,,10,,,,,,
7/2/21,21-MW3,6B,,12,,,,,,
7/2/21,21-MW3,6B,,122,,,,,,
7/2/21,21-MW3,6B,,1222,,,,,,
7/2/21,21-MW3,6B,,122,,,,,,
7/2/21,21-MW3,6B,,1221,,,,,,
7/2/21,21-MW3,6B,,122,,,,,,
7/2/21,21-MW3,6B,,1222,,,,,,
7/2/21,21-MW3,6B,,122,,,,,,
7/2/21,21-MW3,6B,,12,,,,,,
7/2/21,21-MW3,6B,,10,,,,,,
7/2/21,21-MW3,6B,,1,,,,,,
7/2/21,21-MW3,6B,,0,,,,,,
7/2/21,21-MW3,6B,14:50,-1,,,,,,
7/2/21,21-MW3,7A,16:07,0,,,,,,
7/2/21,21-MW3,7A,,1,,,,,,
7/2/21,21-MW3,7A,,3,,,,,,
7/2/21,21-MW3,7A,,30,,,,,,
7/2/21,21-MW3,7A,,32,,,,,,
7/2/21,21-MW3,7A,16:08,322,,,,,inspect (roi),
7/2/21,21-MW3,7A,,32,,,,,,
7/2/21,21-MW3,7A,,321,,,,,,
7/2/21,21-MW3,7A,,32,,,,,,
7/2/21,21-MW3,7A,16:09,322,,,,,inspect (roi),
7/2/21,21-MW3,7A,,32,,,,,,
7/2/21,21-MW3,7A,,30,,,,,,
7/2/21,21-MW3,7A,,3,,,,,,
7/2/21,21-MW3,7A,,5,,50,,,,
7/2/21,21-MW3,7A,,5,,,,,,
7/2/21,21-MW3,7A,,7,,,,,,
7/2/21,21-MW3,7A,16:10,71,,,,,inspect (trunk),
7/2/21,21-MW3,7A,16:14,7,,,,,,
7/2/21,21-MW3,7A,16:14,72,,,,,inspect (nest),
7/2/21,21-MW3,7A,,7,,,,,,
7/2/21,21-MW3,7A,,71,,,,,,
7/2/21,21-MW3,7A,,7,,,,,,
7/2/21,21-MW3,7A,,5,,,,,,
7/2/21,21-MW3,7A,,3,,,,,,
7/2/21,21-MW3,7A,,1,,,,,,
7/2/21,21-MW3,7A,,0,,,,,,
7/2/21,21-MW3,7A,,1,,,,,,
7/2/21,21-MW3,7A,,0,,-1,,,,
7/2/21,21-MW3,7A,,0,,,,,,
7/2/21,21-MW3,7A,,2,,,,,,
7/2/21,21-MW3,7A,,20,,,,,,
7/2/21,21-MW3,7A,,22,,,,,,
7/2/21,21-MW3,7A,,222,,,,,,
7/2/21,21-MW3,7A,,22,,,,,,
7/2/21,21-MW3,7A,,20,,,,,,
7/2/21,21-MW3,7A,,21,,,,,,
7/2/21,21-MW3,7A,,212,,,,,,
7/2/21,21-MW3,7A,,2121,,,,,,
7/2/21,21-MW3,7A,,212,,,,,,
7/2/21,21-MW3,7A,,21,,,,,,
7/2/21,21-MW3,7A,,211,,,,,,
7/2/21,21-MW3,7A,16:18,2111,,,,,inspect (roi),
7/2/21,21-MW3,7A,,211,,,,,,
7/2/21,21-MW3,7A,,21,,,,,,
7/2/21,21-MW3,7A,,20,,,,,,
7/2/21,21-MW3,7A,,2,,,,,,
7/2/21,21-MW3,7A,,4,,6,,,,
7/2/21,21-MW3,7A,,4,,,,,,
7/2/21,21-MW3,7A,,40,,,,,,
7/2/21,21-MW3,7A,,42,,,,,,
7/2/21,21-MW3,7A,,421,,,,,,
7/2/21,21-MW3,7A,,42,,,,,,
7/2/21,21-MW3,7A,,40,,,,,,
7/2/21,21-MW3,7A,,41,,,,,,
7/2/21,21-MW3,7A,,412,,,,,inspect (nest),
7/2/21,21-MW3,7A,,41,,40,,,,
7/2/21,21-MW3,7A,,41,,,,,,
7/2/21,21-MW3,7A,,40,,,,,,
7/2/21,21-MW3,7A,,4,,,,,,
7/2/21,21-MW3,7A,,2,,,,,,
7/2/21,21-MW3,7A,,0,,1,,,,
7/2/21,21-MW3,7A,,0,,,,,,
7/2/21,21-MW3,7A,,2,,4,,,,
7/2/21,21-MW3,7A,,2,,,,,,
7/2/21,21-MW3,7A,,0,,,,,,
7/2/21,21-MW3,7A,,1,,10,,,,
7/2/21,21-MW3,7A,,1,,,,,,
7/2/21,21-MW3,7A,,0,,,,,,
7/2/21,21-MW3,7A,,2,,,,,,
7/2/21,21-MW3,7A,,0,,1,,,,
7/2/21,21-MW3,7A,,0,,,,,,
7/2/21,21-MW3,7A,16:22,-1,,,,,,
7/2/21,21-MW3,7B,16:32,0,,,,,,
7/2/21,21-MW3,7B,,1,,,,,,
7/2/21,21-MW3,7B,,3,,,,,,
7/2/21,21-MW3,7B,,5,,,,,,
7/2/21,21-MW3,7B,,50,,,,,,
7/2/21,21-MW3,7B,16:33,51,,,,,inspect (water + vitamin),
7/2/21,21-MW3,7B,,50,,,,,,
7/2/21,21-MW3,7B,16:34,52,,,,,inspect (sugar + pollen),
7/2/21,21-MW3,7B,,50,,,,,,
7/2/21,21-MW3,7B,,5,,,,,,
7/2/21,21-MW3,7B,,7,,,,,,
7/2/21,21-MW3,7B,16:35,71,,,,,inspect (trunk),
7/2/21,21-MW3,7B,16:37,7,,,,,,
7/2/21,21-MW3,7B,,72,,,,,,
7/2/21,21-MW3,7B,,7,,,,,,
7/2/21,21-MW3,7B,,5,,,,,,
7/2/21,21-MW3,7B,,50,,,,,,
7/2/21,21-MW3,7B,,51,,,,,,
7/2/21,21-MW3,7B,,50,,,,,,
7/2/21,21-MW3,7B,,5,,,,,,
7/2/21,21-MW3,7B,,3,,,,,,
7/2/21,21-MW3,7B,,1,,,,,,
7/2/21,21-MW3,7B,,0,,,,,,
7/2/21,21-MW3,7B,,2,,,,,,
7/2/21,21-MW3,7B,,0,,,,,,
7/2/21,21-MW3,7B,16:38,-1,,,,,,
7/6/21,21-BA2,1A,15:43,0,,,,,,
7/6/21,21-BA2,1A,,2,,,,,,
7/6/21,21-BA2,1A,,20,,,,,,
7/6/21,21-BA2,1A,,22,,,,,,
7/6/21,21-BA2,1A,,221,,,,,,
7/6/21,21-BA2,1A,,2211,,,,,inspect,
7/6/21,21-BA2,1A,,221,,,,,,
7/6/21,21-BA2,1A,,2212,,,,,,
7/6/21,21-BA2,1A,,221,,,,,,
7/6/21,21-BA2,1A,,22,,,,,,
7/6/21,21-BA2,1A,,222,,,,,,
7/6/21,21-BA2,1A,,22,,,,,,
7/6/21,21-BA2,1A,,20,,,,,,
7/6/21,21-BA2,1A,,2,,,,,,
7/6/21,21-BA2,1A,,0,,,,,,
7/6/21,21-BA2,1A,,-1,,,,,,
7/6/21,21-BA2,1A,,0,,,,,,
7/6/21,21-BA2,1A,,1,,3,,,,
7/6/21,21-BA2,1A,,1,,10,,,,
7/6/21,21-BA2,1A,,1,,0,,,,
7/6/21,21-BA2,1A,,1,,,,,,
7/6/21,21-BA2,1A,,3,,5,,,,
7/6/21,21-BA2,1A,,3,,,,,,
7/6/21,21-BA2,1A,,1,,10,,,,
7/6/21,21-BA2,1A,,1,,,,,,
7/6/21,21-BA2,1A,,3,,30,,,,
7/6/21,21-BA2,1A,,3,,5,,,,
7/6/21,21-BA2,1A,,3,,,,,,
7/6/21,21-BA2,1A,,1,,10,,,,
7/6/21,21-BA2,1A,,1,,,,,,
7/6/21,21-BA2,1A,,0,,-1,,,,
7/6/21,21-BA2,1A,,0,,2,,,,
7/6/21,21-BA2,1A,,0,,,,,,
7/6/21,21-BA2,1A,,2,,20,,,,
7/6/21,21-BA2,1A,,2,,4,,,,
7/6/21,21-BA2,1A,,2,,,,,,
7/6/21,21-BA2,1A,,0,,,,,,
7/6/21,21-BA2,1A,,1,,,,,,
7/6/21,21-BA2,1A,,10,,,,,,
7/6/21,21-BA2,1A,,11,,,,,,
7/6/21,21-BA2,1A,,10,,,,,,
7/6/21,21-BA2,1A,,1,,,,,,
7/6/21,21-BA2,1A,,3,,,,,,
7/6/21,21-BA2,1A,,5,,,,,,
7/6/21,21-BA2,1A,,50,,,,,,
7/6/21,21-BA2,1A,,51,,,,,inspect,
7/6/21,21-BA2,1A,,50,,,,,,
7/6/21,21-BA2,1A,,5,,,,,,
7/6/21,21-BA2,1A,,7,,,,,,
7/6/21,21-BA2,1A,,71,,,,,,
7/6/21,21-BA2,1A,,7,,,,,,
7/6/21,21-BA2,1A,,72,,,,,,
7/6/21,21-BA2,1A,,7,,,,,,
7/6/21,21-BA2,1A,,5,,50,,,,
7/6/21,21-BA2,1A,,5,,,,,,
7/6/21,21-BA2,1A,,3,,,,,,
7/6/21,21-BA2,1A,,1,,10,,,,
7/6/21,21-BA2,1A,,1,,0,,,,
7/6/21,21-BA2,1A,,1,,10,,,,
7/6/21,21-BA2,1A,,1,,,,,,
7/6/21,21-BA2,1A,,3,,,,,,
7/6/21,21-BA2,1A,,30,,,,,,
7/6/21,21-BA2,1A,,31,,,,,,
7/6/21,21-BA2,1A,,311,,,,,,
7/6/21,21-BA2,1A,,31,,,,,,
7/6/21,21-BA2,1A,,312,,,,,inspect,
7/6/21,21-BA2,1A,,31,,,,,,
7/6/21,21-BA2,1A,,311,,,,,,
7/6/21,21-BA2,1A,,31,,,,,,
7/6/21,21-BA2,1A,,311,,,,,,
7/6/21,21-BA2,1A,,31,,,,,,
7/6/21,21-BA2,1A,,30,,,,,,
7/6/21,21-BA2,1A,,3,,,,,,
7/6/21,21-BA2,1A,,1,,10,,,,
7/6/21,21-BA2,1A,,1,,,,,,
7/6/21,21-BA2,1A,,0,,,,,,
7/6/21,21-BA2,1A,,1,,,,,,
7/6/21,21-BA2,1A,,0,,2,,,,
7/6/21,21-BA2,1A,,0,,,,,,
7/6/21,21-BA2,1A,16:01,-1,,,,,,
7/6/21,21-BA2,1B,16:06,0,,,,,,
7/6/21,21-BA2,1B,,1,,,,,,
7/6/21,21-BA2,1B,,3,,,,,,
7/6/21,21-BA2,1B,,5,,,,,,
7/6/21,21-BA2,1B,,7,,,,,,
7/6/21,21-BA2,1B,,72,,,,,inspection (only after 1 minute start),
7/6/21,21-BA2,1B,,7,,,,,,
7/6/21,21-BA2,1B,,71,,,,,inspection,
7/6/21,21-BA2,1B,,7,,,,,,
7/6/21,21-BA2,1B,,5,,,,,,
7/6/21,21-BA2,1B,,50,,,,,,
7/6/21,21-BA2,1B,,51,,,,,,
7/6/21,21-BA2,1B,,50,,,,,,
7/6/21,21-BA2,1B,,51,,,,,,
7/6/21,21-BA2,1B,,50,,,,,,
7/6/21,21-BA2,1B,,51,,,,,,
7/6/21,21-BA2,1B,,50,,,,,,
7/6/21,21-BA2,1B,,52,,,,,,
7/6/21,21-BA2,1B,,50,,,,,,
7/6/21,21-BA2,1B,,51,,,,,,
7/6/21,21-BA2,1B,,50,,,,,,
7/6/21,21-BA2,1B,,52,,,,,,
7/6/21,21-BA2,1B,,50,,,,,,
7/6/21,21-BA2,1B,,5,,,,,,
7/6/21,21-BA2,1B,,3,,,,,,
7/6/21,21-BA2,1B,,1,,,,,,
7/6/21,21-BA2,1B,,0,,,,,,
7/6/21,21-BA2,1B,16:15,-1,,,,,,
7/7/21,21-BA2,2A,14:15,0,,,,,"appears injured, missing legs on left side",
7/7/21,21-BA2,2A,,1,,,,,,
7/7/21,21-BA2,2A,,0,,2,,,,
7/7/21,21-BA2,2A,,0,,-1,,,,
7/7/21,21-BA2,2A,,0,,,,,,
7/7/21,21-BA2,2A,,1,,,,,,
7/7/21,21-BA2,2A,,3,,,,,,
7/7/21,21-BA2,2A,,5,,,,,,
7/7/21,21-BA2,2A,,7,,,,,,
7/7/21,21-BA2,2A,,72,,,,,inspect,
7/7/21,21-BA2,2A,,7,,,,,,
7/7/21,21-BA2,2A,,71,,,,,inspect,
7/7/21,21-BA2,2A,,7,,,,,,
7/7/21,21-BA2,2A,,72,,,,,inspect,
7/7/21,21-BA2,2A,,7,,,,,,
7/7/21,21-BA2,2A,,5,,,,,,
7/7/21,21-BA2,2A,,3,,,,,,
7/7/21,21-BA2,2A,,1,,,,,,
7/7/21,21-BA2,2A,,0,,-1,,,,
7/7/21,21-BA2,2A,,0,,,,,,
7/7/21,21-BA2,2A,,2,,,,,,
7/7/21,21-BA2,2A,,4,,,,,,
7/7/21,21-BA2,2A,,40,,,,,,
7/7/21,21-BA2,2A,,41,,,,,,
7/7/21,21-BA2,2A,14:36,411,,,,,inspection,
7/7/21,21-BA2,2B,14:44,0,,,,,,
7/7/21,21-BA2,2B,,2,,20,,,,
7/7/21,21-BA2,2B,,2,,4,,,,
7/7/21,21-BA2,2B,,2,,,,,,
7/7/21,21-BA2,2B,,0,,1,,,,
7/7/21,21-BA2,2B,,0,,,,,,
7/7/21,21-BA2,2B,,1,,,,,,
7/7/21,21-BA2,2B,,0,,,,,,
7/7/21,21-BA2,2B,,2,,,,,,
7/7/21,21-BA2,2B,,4,,,,,,
7/7/21,21-BA2,2B,,40,,,,,,
7/7/21,21-BA2,2B,,41,,412,,,,
7/7/21,21-BA2,2B,,41,,,,,,
7/7/21,21-BA2,2B,,40,,,,,,
7/7/21,21-BA2,2B,,4,,,,,,
7/7/21,21-BA2,2B,,6,,60,,,,
7/7/21,21-BA2,2B,,6,,,,,,
7/7/21,21-BA2,2B,,8,,,,,,
7/7/21,21-BA2,2B,,82,,,,,,
7/7/21,21-BA2,2B,,8,,,,,,
7/7/21,21-BA2,2B,,81,,,,,inspect,
7/7/21,21-BA2,2B,,8,,,,,,
7/7/21,21-BA2,2B,,6,,,,,,
7/7/21,21-BA2,2B,,60,,,,,,
7/7/21,21-BA2,2B,,61,,,,,inspect,
7/7/21,21-BA2,2B,,60,,,,,,
7/7/21,21-BA2,2B,,62,,,,,,
7/7/21,21-BA2,2B,,60,,,,,,
7/7/21,21-BA2,2B,,6,,,,,,
7/7/21,21-BA2,2B,,4,,,,,,
7/7/21,21-BA2,2B,,2,,,,,,
7/7/21,21-BA2,2B,,20,,,,,,
7/7/21,21-BA2,2B,,2,,0,,,,
7/7/21,21-BA2,2B,,2,,4,,,,
7/7/21,21-BA2,2B,,2,,20,,,,
7/7/21,21-BA2,2B,,2,,0,,,,
7/7/21,21-BA2,2B,,2,,,,,,
7/7/21,21-BA2,2B,,20,,22,,,,
7/7/21,21-BA2,2B,,20,,,,,,
7/7/21,21-BA2,2B,,21,,,,,,
7/7/21,21-BA2,2B,,212,,,,,,
7/7/21,21-BA2,2B,,21,,,,,,
7/7/21,21-BA2,2B,,211,,,,,,
7/7/21,21-BA2,2B,,2111,,,,,,
7/7/21,21-BA2,2B,,211,,,,,,
7/7/21,21-BA2,2B,,21,,,,,,
7/7/21,21-BA2,2B,,20,,,,,,
7/7/21,21-BA2,2B,,2,,20,,,,
7/7/21,21-BA2,2B,,2,,4,,,,
7/7/21,21-BA2,2B,,2,,0,,,,
7/7/21,21-BA2,2B,,2,,20,,,,
7/7/21,21-BA2,2B,,2,,,,,,
7/7/21,21-BA2,2B,,0,,,,,,
7/7/21,21-BA2,2B,,-1,,,,,,
7/7/21,21-BA2,3A,3:16,0,,,,,,
7/7/21,21-BA2,3A,,1,,,,,,
7/7/21,21-BA2,3A,,10,,,,,,
7/7/21,21-BA2,3A,,12,,,,,,
7/7/21,21-BA2,3A,,121,,,,,,
7/7/21,21-BA2,3A,,1211,,,,,,
7/7/21,21-BA2,3A,,121,,,,,,
7/7/21,21-BA2,3A,,12,,,,,,
7/7/21,21-BA2,3A,,10,,,,,,
7/7/21,21-BA2,3A,,1,,0,,,,
7/7/21,21-BA2,3A,,1,,3,,,,
7/7/21,21-BA2,3A,,1,,,,,,
7/7/21,21-BA2,3A,,0,,,,,,
7/7/21,21-BA2,3A,,-1,,,,,,
7/7/21,21-BA2,3A,,0,,,,,,
7/7/21,21-BA2,3A,,2,,,,,,
7/7/21,21-BA2,3A,,20,,,,,,
7/7/21,21-BA2,3A,,21,,,,,,
7/7/21,21-BA2,3A,,212,,,,,,
7/7/21,21-BA2,3A,,2121,,,,,inspect,
7/7/21,21-BA2,3A,,212,,,,,,
7/7/21,21-BA2,3A,,2122,,,,,inspect,
7/7/21,21-BA2,3A,,212,,21,,,,
7/7/21,21-BA2,3A,,212,,,,,,
7/7/21,21-BA2,3A,,2121,,,,,inspect,
7/7/21,21-BA2,3A,,212,,,,,,
7/7/21,21-BA2,3A,,21,,,,,,
7/7/21,21-BA2,3A,,211,,,,,,
7/7/21,21-BA2,3A,,2112,,,,,inspect,
7/7/21,21-BA2,3A,,211,,,,,,
7/7/21,21-BA2,3A,,2111,,,,,,
7/7/21,21-BA2,3A,,211,,,,,,
7/7/21,21-BA2,3A,,21,,,,,,
7/7/21,21-BA2,3A,,20,,2,,,,
7/7/21,21-BA2,3A,,20,,22,,,,
7/7/21,21-BA2,3A,,20,,,,,,
7/7/21,21-BA2,3A,,2,,,,,,
7/7/21,21-BA2,3A,,20,,,,,,
7/7/21,21-BA2,3A,,21,,211,,,,
7/7/21,21-BA2,3A,,21,,,,,,
7/7/21,21-BA2,3A,,212,,,,,,
7/7/21,21-BA2,3A,,2121,,,,,,
7/7/21,21-BA2,3A,,212,,,,,,
7/7/21,21-BA2,3A,,21,,,,,,
7/7/21,21-BA2,3A,,20,,22,,,,
7/7/21,21-BA2,3A,,20,,,,,,
7/7/21,21-BA2,3A,,2,,,,,,
7/7/21,21-BA2,3A,,0,,1,,,,
7/7/21,21-BA2,3A,,0,,,,,,
7/7/21,21-BA2,3A,,2,,,,,,
7/7/21,21-BA2,3A,,20,,21,,,,
7/7/21,21-BA2,3A,,20,,,,,,
7/7/21,21-BA2,3A,,2,,4,,,,
7/7/21,21-BA2,3A,,2,,0,,,,
7/7/21,21-BA2,3A,,2,,,,,,
7/7/21,21-BA2,3A,,20,,21,,,,
7/7/21,21-BA2,3A,,20,,,,,,
7/7/21,21-BA2,3A,,22,,,,,,
7/7/21,21-BA2,3A,,221,,,,,,
7/7/21,21-BA2,3A,,2212,,,,,inspect,
7/7/21,21-BA2,3A,,221,,22,,,,
7/7/21,21-BA2,3A,,221,,,,,,
7/7/21,21-BA2,3A,,2212,,,,,inspect,
7/7/21,21-BA2,3A,,221,,,,,,
7/7/21,21-BA2,3A,,2211,,,,,,
7/7/21,21-BA2,3A,,221,,,,,,
7/7/21,21-BA2,3A,,2212,,,,,,
7/7/21,21-BA2,3A,,221,,,,,,
7/7/21,21-BA2,3A,,22,,20,,,,
7/7/21,21-BA2,3A,,22,,,,,,
7/7/21,21-BA2,3A,,222,,,,,,
7/7/21,21-BA2,3A,,22,,,,,,
7/7/21,21-BA2,3A,,20,,,,,,
7/7/21,21-BA2,3A,,2,,,,,,
7/7/21,21-BA2,3A,,20,,22,,,,
7/7/21,21-BA2,3A,,20,,,,,,
7/7/21,21-BA2,3A,,21,,,,,,
7/7/21,21-BA2,3A,,212,,,,,,
7/7/21,21-BA2,3A,,2121,,,,,,
7/7/21,21-BA2,3A,,212,,,,,,
7/7/21,21-BA2,3A,,21,,,,,,
7/7/21,21-BA2,3A,,20,,2,,,,
7/7/21,21-BA2,3A,,20,,21,,,,
7/7/21,21-BA2,3A,,20,,22,,,,
7/7/21,21-BA2,3A,,20,,2,,,,
7/7/21,21-BA2,3A,,20,,,,,,
7/7/21,21-BA2,3A,,2,,,,,,
7/7/21,21-BA2,3A,,20,,,,,,
7/7/21,21-BA2,3A,,21,,,,,,
7/7/21,21-BA2,3A,,212,,,,,,
7/7/21,21-BA2,3A,,21,,,,,,
7/7/21,21-BA2,3A,,20,,,,,,
7/7/21,21-BA2,3A,,22,,,,,,
7/7/21,21-BA2,3A,,221,,,,,,
7/7/21,21-BA2,3A,,2211,,,,,,
7/7/21,21-BA2,3A,,221,,,,,,
7/7/21,21-BA2,3A,,2212,,,,,,
7/7/21,21-BA2,3A,,221,,,,,,
7/7/21,21-BA2,3A,,22,,,,,,
7/7/21,21-BA2,3A,,222,,,,,,
7/7/21,21-BA2,3A,,2221,,,,,inspect,
7/7/21,21-BA2,3A,,222,,,,,,
7/7/21,21-BA2,3A,,22,,,,,,
7/7/21,21-BA2,3A,,221,,,,,,
7/7/21,21-BA2,3A,,22,,,,,,
7/7/21,21-BA2,3A,,20,,,,,,
7/7/21,21-BA2,3A,15:36,21,,,,,,FLAG
7/7/21,21-BA2,3B,15:51,0,,,,,,
7/7/21,21-BA2,3B,,-1,,,,,,
7/7/21,21-BA2,3B,,0,,,,,,
7/7/21,21-BA2,3B,,1,,10,,,,
7/7/21,21-BA2,3B,,1,,,,,,
7/7/21,21-BA2,3B,,3,,,,,,
7/7/21,21-BA2,3B,,1,,,,,,
7/7/21,21-BA2,3B,,0,,,,,,
7/7/21,21-BA2,3B,,-1,,,,,,
7/7/21,21-BA2,3B,,0,,1,,,,
7/7/21,21-BA2,3B,,0,,,,,,
7/7/21,21-BA2,3B,,1,,,,,,
7/7/21,21-BA2,3B,,3,,,,,,
7/7/21,21-BA2,3B,,5,,,,,,
7/7/21,21-BA2,3B,,7,,,,,,
7/7/21,21-BA2,3B,,71,,,,,inspect,
7/7/21,21-BA2,3B,,7,,,,,,
7/7/21,21-BA2,3B,,5,,,,,,
7/7/21,21-BA2,3B,,50,,,,,,
7/7/21,21-BA2,3B,,52,,,,,inspect,
7/7/21,21-BA2,3B,,50,,,,,,
7/7/21,21-BA2,3B,,51,,,,,inspect,
7/7/21,21-BA2,3B,,50,,,,,,
7/7/21,21-BA2,3B,,5,,50,,,,
7/7/21,21-BA2,3B,,5,,,,,,
7/7/21,21-BA2,3B,,3,,,,,,
7/7/21,21-BA2,3B,,30,,,,,,
7/7/21,21-BA2,3B,,32,,,,,,
7/7/21,21-BA2,3B,,321,,,,,,
7/7/21,21-BA2,3B,,32,,,,,,
7/7/21,21-BA2,3B,,30,,31,,,,
7/7/21,21-BA2,3B,,30,,,,,,
7/7/21,21-BA2,3B,,3,,,,,,
7/7/21,21-BA2,3B,,1,,,,,,
7/7/21,21-BA2,3B,,0,,1,,,,
7/7/21,21-BA2,3B,,0,,,,,,
7/7/21,21-BA2,3B,16:04,-1,,,,,,
7/8/21,21-BA2,4A,14:16,0,,,,,,
7/8/21,21-BA2,4A,,1,,,,,,
7/8/21,21-BA2,4A,,3,,,,,,
7/8/21,21-BA2,4A,,5,,,,,,
7/8/21,21-BA2,4A,,7,,,,,,
7/8/21,21-BA2,4A,,71,,,,,inspect,
7/8/21,21-BA2,4A,,7,,,,,,
7/8/21,21-BA2,4A,,5,,,,,,
7/8/21,21-BA2,4A,,50,,,,,,
7/8/21,21-BA2,4A,,52,,,,,inspect,
7/8/21,21-BA2,4A,,50,,,,,,
7/8/21,21-BA2,4A,,5,,,,,,
7/8/21,21-BA2,4A,,7,,,,,,
7/8/21,21-BA2,4A,,72,,,,,inspect,
7/8/21,21-BA2,4A,,7,,,,,,
7/8/21,21-BA2,4A,,5,,,,,,
7/8/21,21-BA2,4A,,3,,,,,,
7/8/21,21-BA2,4A,,1,,,,,,
7/8/21,21-BA2,4A,,0,,,,,,
7/8/21,21-BA2,4A,,2,,,,,,
7/8/21,21-BA2,4A,,20,,,,,,
7/8/21,21-BA2,4A,,21,,,,,,
7/8/21,21-BA2,4A,,211,,,,,,
7/8/21,21-BA2,4A,,2111,,,,,,
7/8/21,21-BA2,4A,,211,,,,,,
7/8/21,21-BA2,4A,,21,,,,,,
7/8/21,21-BA2,4A,,20,,,,,,
7/8/21,21-BA2,4A,,22,,,,,,
7/8/21,21-BA2,4A,,221,,,,,,
7/8/21,21-BA2,4A,,2211,,,,,inspect,
7/8/21,21-BA2,4A,,221,,,,,,
7/8/21,21-BA2,4A,,22,,,,,,
7/8/21,21-BA2,4A,,222,,,,,,
7/8/21,21-BA2,4A,,2222,,,,,,
7/8/21,21-BA2,4A,,222,,,,,,
7/8/21,21-BA2,4A,,2221,,,,,,
7/8/21,21-BA2,4A,,222,,,,,,
7/8/21,21-BA2,4A,,22,,,,,,
7/8/21,21-BA2,4A,,221,,,,,,
7/8/21,21-BA2,4A,,2212,,,,,inspect,
7/8/21,21-BA2,4A,,221,,,,,,
7/8/21,21-BA2,4A,,22,,,,,,
7/8/21,21-BA2,4A,,222,,,,,,
7/8/21,21-BA2,4A,14:37,2222,,,,,"inspect, video ended",
7/8/21,21-BA2,4B,14:41,0,,,,,,
7/8/21,21-BA2,4B,,1,,,,,,
7/8/21,21-BA2,4B,,3,,,,,,
7/8/21,21-BA2,4B,,5,,,,,,
7/8/21,21-BA2,4B,,7,,,,,,
7/8/21,21-BA2,4B,,72,,,,,inspect,
7/8/21,21-BA2,4B,,7,,,,,,
7/8/21,21-BA2,4B,,5,,,,,,
7/8/21,21-BA2,4B,,3,,,,,,
7/8/21,21-BA2,4B,,1,,,,,,
7/8/21,21-BA2,4B,,10,,,,,,
7/8/21,21-BA2,4B,,12,,,,,,
7/8/21,21-BA2,4B,,10,,,,,,
7/8/21,21-BA2,4B,,1,,,,,,
7/8/21,21-BA2,4B,,3,,30,,,,
7/8/21,21-BA2,4B,,3,,5,,,,
7/8/21,21-BA2,4B,,3,,,,,,
7/8/21,21-BA2,4B,,1,,,,,,
7/8/21,21-BA2,4B,,10,,,,,,
7/8/21,21-BA2,4B,,12,,122,,,,
7/8/21,21-BA2,4B,,12,,,,,,
7/8/21,21-BA2,4B,,121,,1212,,,,
7/8/21,21-BA2,4B,,121,,,,,,
7/8/21,21-BA2,4B,,12,,,,,,
7/8/21,21-BA2,4B,,122,,,,,,
7/8/21,21-BA2,4B,,1222,,,,,,
7/8/21,21-BA2,4B,,122,,,,,,
7/8/21,21-BA2,4B,,12,,121,,,,
7/8/21,21-BA2,4B,,12,,,,,,
7/8/21,21-BA2,4B,,10,,11,,,,
7/8/21,21-BA2,4B,,10,,,,,,
7/8/21,21-BA2,4B,,1,,,,,,
7/8/21,21-BA2,4B,,0,,,,,,
7/8/21,21-BA2,4B,14:46,-1,,,,,,
7/8/21,21-BA2,5A,15:29,0,,,,,,
7/8/21,21-BA2,5A,,1,,,,,,
7/8/21,21-BA2,5A,,3,,,,,,
7/8/21,21-BA2,5A,,1,,,,,,
7/8/21,21-BA2,5A,,10,,,,,,
7/8/21,21-BA2,5A,,11,,,,,,
7/8/21,21-BA2,5A,,111,,,,,,
7/8/21,21-BA2,5A,,1111,,,,,inspect,
7/8/21,21-BA2,5A,,111,,,,,,
7/8/21,21-BA2,5A,,11,,,,,,
7/8/21,21-BA2,5A,,10,,,,,,
7/8/21,21-BA2,5A,,1,,,,,,
7/8/21,21-BA2,5A,,3,,,,,,
7/8/21,21-BA2,5A,,30,,31,,,,
7/8/21,21-BA2,5A,,30,,,,,,
7/8/21,21-BA2,5A,,32,,,,,,
7/8/21,21-BA2,5A,,321,,,,,inspect,
7/8/21,21-BA2,5A,,32,,,,,,
7/8/21,21-BA2,5A,,322,,,,,inspect,
7/8/21,21-BA2,5A,,32,,,,,,
7/8/21,21-BA2,5A,,30,,,,,,
7/8/21,21-BA2,5A,,3,,,,,,
7/8/21,21-BA2,5A,,5,,,,,,
7/8/21,21-BA2,5A,,50,,,,,,
7/8/21,21-BA2,5A,,51,,,,,,
7/8/21,21-BA2,5A,,50,,,,,,
7/8/21,21-BA2,5A,,52,,,,,inspect,
7/8/21,21-BA2,5A,,50,,,,,,
7/8/21,21-BA2,5A,,5,,,,,,
7/8/21,21-BA2,5A,,7,,,,,,
7/8/21,21-BA2,5A,,71,,,,,inspect,
7/8/21,21-BA2,5A,15:37,ground,,,,,,
7/8/21,21-BA2,5B,15:43,0,,,,,,
7/8/21,21-BA2,5B,,-1,,,,,,
7/8/21,21-BA2,5B,,0,,,,,,
7/8/21,21-BA2,5B,,2,,,,,,
7/8/21,21-BA2,5B,,20,,,,,,
7/8/21,21-BA2,5B,,22,,,,,,
7/8/21,21-BA2,5B,,20,,,,,,
7/8/21,21-BA2,5B,,21,,,,,,
7/8/21,21-BA2,5B,,212,,,,,,
7/8/21,21-BA2,5B,,2121,,,,,,
7/8/21,21-BA2,5B,,212,,,,,,
7/8/21,21-BA2,5B,,21,,,,,,
7/8/21,21-BA2,5B,,20,,,,,,
7/8/21,21-BA2,5B,,2,,,,,,
7/8/21,21-BA2,5B,,0,,,,,,
7/8/21,21-BA2,5B,,1,,,,,,
7/8/21,21-BA2,5B,,0,,,,,,
7/8/21,21-BA2,5B,,1,,,,,,
7/8/21,21-BA2,5B,,10,,,,,,
7/8/21,21-BA2,5B,,11,,,,,,
7/8/21,21-BA2,5B,,111,,,,,,
7/8/21,21-BA2,5B,,1111,,,,,inspect,
7/8/21,21-BA2,5B,,111,,,,,,
7/8/21,21-BA2,5B,,11,,,,,,
7/8/21,21-BA2,5B,,10,,,,,,
7/8/21,21-BA2,5B,,1,,0,,,,
7/8/21,21-BA2,5B,,1,,,,,,
7/8/21,21-BA2,5B,,3,,,,,,
7/8/21,21-BA2,5B,,30,,,,,,
7/8/21,21-BA2,5B,,31,,,,,,
7/8/21,21-BA2,5B,,312,,,,,inspect,
7/8/21,21-BA2,5B,,31,,,,,,
7/8/21,21-BA2,5B,,311,,,,,,
7/8/21,21-BA2,5B,,31,,,,,,
7/8/21,21-BA2,5B,,30,,,,,,
7/8/21,21-BA2,5B,,3,,,,,,
7/8/21,21-BA2,5B,,30,,,,,,
7/8/21,21-BA2,5B,,3,,,,,,
7/8/21,21-BA2,5B,,5,,,,,,
7/8/21,21-BA2,5B,,7,,,,,,
7/8/21,21-BA2,5B,,5,,,,,,
7/8/21,21-BA2,5B,,3,,,,,,
7/8/21,21-BA2,5B,,1,,,,,,
7/8/21,21-BA2,5B,,10,,,,,,
7/8/21,21-BA2,5B,,11,,111,,,,
7/8/21,21-BA2,5B,,11,,,,,,
7/8/21,21-BA2,5B,,112,,,,,,
7/8/21,21-BA2,5B,,1121,,,,,,
7/8/21,21-BA2,5B,,112,,,,,,
7/8/21,21-BA2,5B,,1121,,,,,inspect,
7/8/21,21-BA2,5B,,112,,,,,,
7/8/21,21-BA2,5B,,11,,111,,,,
7/8/21,21-BA2,5B,,11,,10,,,,
7/8/21,21-BA2,5B,,11,,10,,,,
7/8/21,21-BA2,5B,,11,,,,,,
7/8/21,21-BA2,5B,,10,,1,,,,
7/8/21,21-BA2,5B,,10,,,,,,
7/8/21,21-BA2,5B,,1,,,,,,
7/8/21,21-BA2,5B,,3,,,,,,
7/8/21,21-BA2,5B,,5,,,,,,
7/8/21,21-BA2,5B,,3,,1,,,,
7/8/21,21-BA2,5B,,3,,,,,,
7/8/21,21-BA2,5B,,30,,,,,,
7/8/21,21-BA2,5B,,32,,,,,,
7/8/21,21-BA2,5B,,322,,,,,inspect,
7/8/21,21-BA2,5B,,32,,,,,,
7/8/21,21-BA2,5B,,321,,,,,,
7/8/21,21-BA2,5B,,32,,,,,,
7/8/21,21-BA2,5B,,30,,,,,,
7/8/21,21-BA2,5B,16:04,31,,,,,,FLAG
7/9/21,21-BA2,6A,14:07,0,,,,,,
7/9/21,21-BA2,6A,,2,,,,,,
7/9/21,21-BA2,6A,,0,,,,,,
7/9/21,21-BA2,6A,14:08,-1,,,,,,
7/9/21,21-BA2,6A,14:15,0,,2,,,,
7/9/21,21-BA2,6A,,0,,-1,,,,
7/9/21,21-BA2,6A,,0,,,,,,
7/9/21,21-BA2,6A,,1,,,,,,
7/9/21,21-BA2,6A,,0,,-1,,,,
7/9/21,21-BA2,6A,,0,,2,,,,
7/9/21,21-BA2,6A,,0,,,,,,
7/9/21,21-BA2,6A,,2,,,,,,
7/9/21,21-BA2,6A,,20,,,,,,
7/9/21,21-BA2,6A,,22,,222,,,,
7/9/21,21-BA2,6A,,22,,,,,,
7/9/21,21-BA2,6A,,221,,,,,,
7/9/21,21-BA2,6A,14:17,2212,,,,,inspect (nest),
7/9/21,21-BA2,6A,,221,,,,,,
7/9/21,21-BA2,6A,,2211,,,,,,
7/9/21,21-BA2,6A,,221,,,,,,
7/9/21,21-BA2,6A,,22,,,,,,
7/9/21,21-BA2,6A,,20,,,,,,
7/9/21,21-BA2,6A,,21,,211,,,,
7/9/21,21-BA2,6A,,21,,,,,,
7/9/21,21-BA2,6A,,212,,,,,,
7/9/21,21-BA2,6A,,21,,,,,,
7/9/21,21-BA2,6A,,20,,,,,,
7/9/21,21-BA2,6A,,2,,4,,,,
7/9/21,21-BA2,6A,,2,,,,,,
7/9/21,21-BA2,6A,,0,,,,,,
7/9/21,21-BA2,6A,14:20,-1,,,,,,
7/9/21,21-BA2,6B,14:23,0,,,,,,
7/9/21,21-BA2,6B,,1,,,,,,
7/9/21,21-BA2,6B,,3,,,,,,
7/9/21,21-BA2,6B,,30,,,,,,
7/9/21,21-BA2,6B,,31,,,,,,
7/9/21,21-BA2,6B,,311,,,,,,
7/9/21,21-BA2,6B,,31,,,,,,
7/9/21,21-BA2,6B,,312,,,,,,
7/9/21,21-BA2,6B,,31,,,,,,
7/9/21,21-BA2,6B,,30,,,,,,
7/9/21,21-BA2,6B,,32,,,,,,
7/9/21,21-BA2,6B,14:26,322,,,,,inspect (ROI platform),
7/9/21,21-BA2,6B,,32,,,,,,
7/9/21,21-BA2,6B,14:26,321,,,,,inspect (nest),
7/9/21,21-BA2,6B,,32,,,,,,
7/9/21,21-BA2,6B,14:27,322,,,,,inspect (ROI platform),
7/9/21,21-BA2,6B,,32,,,,,,
7/9/21,21-BA2,6B,14:27,321,,,,,inspect (nest),
7/9/21,21-BA2,6B,,32,,,,,,
7/9/21,21-BA2,6B,,30,,,,,,
7/9/21,21-BA2,6B,,3,,,,,,
7/9/21,21-BA2,6B,,1,,,,,,
7/9/21,21-BA2,6B,,0,,,,,,
7/9/21,21-BA2,6B,14:30,-1,,,,,,
7/9/21,21-BA2,7A,15:29,0,,,,,,
7/9/21,21-BA2,7A,,2,,4,,,,
7/9/21,21-BA2,7A,,2,,,,,,
7/9/21,21-BA2,7A,,0,,1,,,,
7/9/21,21-BA2,7A,,0,,-1,,,,
7/9/21,21-BA2,7A,,0,,,,,,
7/9/21,21-BA2,7A,15:31,-1,,,,,,
7/9/21,21-BA2,7A,,0,,,,,,
7/9/21,21-BA2,7A,,2,,20,,,,
7/9/21,21-BA2,7A,,2,,,,,,
7/9/21,21-BA2,7A,,20,,,,,,
7/9/21,21-BA2,7A,,22,,,,,,
7/9/21,21-BA2,7A,,222,,,,,,
7/9/21,21-BA2,7A,,2222,,,,,inspect,
7/9/21,21-BA2,7A,,222,,,,,,
7/9/21,21-BA2,7A,,22,,221,,,,
7/9/21,21-BA2,7A,,22,,,,,,
7/9/21,21-BA2,7A,,20,,,,,,
7/9/21,21-BA2,7A,,2,,0,,,,
7/9/21,21-BA2,7A,,2,,,,,,
7/9/21,21-BA2,7A,,0,,,,,,
7/9/21,21-BA2,7A,15:39,-1,,,,,,
7/9/21,21-BA2,7B,15:45,0,,1,,,,
7/9/21,21-BA2,7B,,0,,,,,,
7/9/21,21-BA2,7B,,2,,,,,,
7/9/21,21-BA2,7B,,0,,,,,,
7/9/21,21-BA2,7B,,-1,,,,,,
7/9/21,21-BA2,7B,,0,,,,,,
7/9/21,21-BA2,7B,,1,,,,,,
7/9/21,21-BA2,7B,,3,,,,,,
7/9/21,21-BA2,7B,,30,,,,,,
7/9/21,21-BA2,7B,,32,,,,,,
7/9/21,21-BA2,7B,,30,,,,,,
7/9/21,21-BA2,7B,,31,,,,,,
7/9/21,21-BA2,7B,,311,,,,,,
7/9/21,21-BA2,7B,,31,,,,,,
7/9/21,21-BA2,7B,,30,,,,,,
7/9/21,21-BA2,7B,,3,,,,,,
7/9/21,21-BA2,7B,,1,,,,,,
7/9/21,21-BA2,7B,,0,,-1,,,,
7/9/21,21-BA2,7B,,0,,,,,,
7/9/21,21-BA2,7B,,2,,,,,,
7/9/21,21-BA2,7B,,20,,,,,,
7/9/21,21-BA2,7B,,22,,,,,,
7/9/21,21-BA2,7B,,221,,,,,,
7/9/21,21-BA2,7B,,2211,,,,,,
7/9/21,21-BA2,7B,,221,,,,,,
7/9/21,21-BA2,7B,,2212,,,,,inspect,
7/9/21,21-BA2,7B,,221,,,,,,
7/9/21,21-BA2,7B,,22,,,,,,
7/9/21,21-BA2,7B,,221,,,,,,
7/9/21,21-BA2,7B,,2211,,,,,,
7/9/21,21-BA2,7B,,221,,,,,,
7/9/21,21-BA2,7B,,2212,,,,,inspect,
7/9/21,21-BA2,7B,,221,,,,,,
7/9/21,21-BA2,7B,,2211,,,,,inspect,
7/9/21,21-BA2,7B,,221,,,,,,
7/9/21,21-BA2,7B,,22,,,,,,
7/9/21,21-BA2,7B,,20,,,,,,
7/9/21,21-BA2,7B,,2,,,,,,
7/9/21,21-BA2,7B,,0,,,,,,
7/9/21,21-BA2,7B,15:59,-1,,,,,,
7/12/21,21-SP2,1A,15:32,0,,,,,,
7/12/21,21-SP2,1A,,1,,,,,,
7/12/21,21-SP2,1A,,3,,,,,,
7/12/21,21-SP2,1A,,5,,,,,,
7/12/21,21-SP2,1A,,7,,,,,,
7/12/21,21-SP2,1A,,72,,,,,inspect,
7/12/21,21-SP2,1A,,7,,,,,,
7/12/21,21-SP2,1A,,71,,,,,,
7/12/21,21-SP2,1A,,7,,,,,,
7/12/21,21-SP2,1A,,72,,,,,inspect,
7/12/21,21-SP2,1A,,7,,,,,,
7/12/21,21-SP2,1A,,5,,,,,,
7/12/21,21-SP2,1A,,3,,,,,,
7/12/21,21-SP2,1A,,1,,,,,,
7/12/21,21-SP2,1A,,0,,,,,,
7/12/21,21-SP2,1A,,1,,,,,,
7/12/21,21-SP2,1A,,10,,,,,,
7/12/21,21-SP2,1A,,12,,,,,,
7/12/21,21-SP2,1A,,121,,1211,,,,
7/12/21,21-SP2,1A,,121,,,,,,
7/12/21,21-SP2,1A,,12,,,,,,
7/12/21,21-SP2,1A,,10,,,,,,
7/12/21,21-SP2,1A,,11,,,,,,
7/12/21,21-SP2,1A,,10,,,,,,
7/12/21,21-SP2,1A,,1,,,,,,
7/12/21,21-SP2,1A,,3,,,,,,
7/12/21,21-SP2,1A,,5,,,,,,
7/12/21,21-SP2,1A,,7,,,,,,
7/12/21,21-SP2,1A,,72,,,,,,
7/12/21,21-SP2,1A,,7,,,,,,
7/12/21,21-SP2,1A,,71,,,,,inspect,
7/12/21,21-SP2,1A,,7,,,,,,
7/12/21,21-SP2,1A,,5,,,,,,
7/12/21,21-SP2,1A,,50,,,,,,
7/12/21,21-SP2,1A,,52,,,,,inspect,
7/12/21,21-SP2,1A,,50,,,,,,
7/12/21,21-SP2,1A,,5,,3,,,,
7/12/21,21-SP2,1A,,5,,,,,,
7/12/21,21-SP2,1A,,7,,,,,,
7/12/21,21-SP2,1A,15:49,71,,,,,inspect,
7/12/21,21-SP2,1B,15:52,0,,,,,,
7/12/21,21-SP2,1B,,2,,,,,,
7/12/21,21-SP2,1B,,20,,,,,,
7/12/21,21-SP2,1B,,22,,,,,,
7/12/21,21-SP2,1B,,222,,,,,,
7/12/21,21-SP2,1B,,2222,,,,,inspect,
7/12/21,21-SP2,1B,,222,,,,,,
7/12/21,21-SP2,1B,,22,,221,,,,
7/12/21,21-SP2,1B,,22,,,,,,
7/12/21,21-SP2,1B,,20,,21,,,,
7/12/21,21-SP2,1B,,20,,,,,,
7/12/21,21-SP2,1B,,2,,4,,,,
7/12/21,21-SP2,1B,,2,,,,,,
7/12/21,21-SP2,1B,,0,,,,,,
7/12/21,21-SP2,1B,,1,,,,,,
7/12/21,21-SP2,1B,,10,,,,,,
7/12/21,21-SP2,1B,,1,,,,,,
7/12/21,21-SP2,1B,,3,,,,,,
7/12/21,21-SP2,1B,,5,,,,,,
7/12/21,21-SP2,1B,,7,,,,,,
7/12/21,21-SP2,1B,,5,,3,,,,
7/12/21,21-SP2,1B,,5,,,,,,
7/12/21,21-SP2,1B,,50,,,,,,
7/12/21,21-SP2,1B,,5,,,,,,
7/12/21,21-SP2,1B,,3,,30,,,,
7/12/21,21-SP2,1B,,3,,,,,,
7/12/21,21-SP2,1B,,1,,,,,,
7/12/21,21-SP2,1B,,0,,,,,,
7/12/21,21-SP2,1B,,2,,20,,,,
7/12/21,21-SP2,1B,,2,,,,,,
7/12/21,21-SP2,1B,,4,,,,,,
7/12/21,21-SP2,1B,,6,,,,,,
7/12/21,21-SP2,1B,,4,,40,,,,
7/12/21,21-SP2,1B,,4,,,,,,
7/12/21,21-SP2,1B,,2,,,,,,
7/12/21,21-SP2,1B,,0,,,,,,
7/12/21,21-SP2,1B,,-1,,,,,,
7/13/21,21-SP2,2A,14:37,0,,2,,,,
7/13/21,21-SP2,2A,,0,,1,,,,
7/13/21,21-SP2,2A,,0,,,,,,
7/13/21,21-SP2,2A,,2,,,,,,
7/13/21,21-SP2,2A,,20,,,,,,
7/13/21,21-SP2,2A,,2,,,,,,
7/13/21,21-SP2,2A,,0,,-1,,,,
7/13/21,21-SP2,2A,,0,,,,,,
7/13/21,21-SP2,2A,,1,,,,,,
7/13/21,21-SP2,2A,,0,,,,,,
7/13/21,21-SP2,2A,,2,,20,,,,
7/13/21,21-SP2,2A,,2,,20,,,,
7/13/21,21-SP2,2A,,2,,,,,,
7/13/21,21-SP2,2A,,4,,,,,,
7/13/21,21-SP2,2A,,2,,0,,,,
7/13/21,21-SP2,2A,,2,,,,,,
7/13/21,21-SP2,2A,,0,,,,,,
7/13/21,21-SP2,2A,,1,,,,,,
7/13/21,21-SP2,2A,,0,,,,,,
7/13/21,21-SP2,2A,14:40,-1,,,,,,
7/13/21,21-SP2,2A,,0,,1,,,,
7/13/21,21-SP2,2A,,0,,1,,,,
7/13/21,21-SP2,2A,,0,,,,,,
7/13/21,21-SP2,2A,,2,,,,,,
7/13/21,21-SP2,2A,,20,,,,,,
7/13/21,21-SP2,2A,,22,,,,,,
7/13/21,21-SP2,2A,,222,,,,,,
7/13/21,21-SP2,2A,,22,,,,,,
7/13/21,21-SP2,2A,,20,,21,,,,
7/13/21,21-SP2,2A,,20,,2,,,,
7/13/21,21-SP2,2A,,20,,,,,,
7/13/21,21-SP2,2A,,2,,,,,,
7/13/21,21-SP2,2A,,4,,,,,,
7/13/21,21-SP2,2A,,6,,,,,,
7/13/21,21-SP2,2A,,4,,,,,,
7/13/21,21-SP2,2A,,40,,,,,,
7/13/21,21-SP2,2A,,42,,,,,,
7/13/21,21-SP2,2A,,40,,,,,,
7/13/21,21-SP2,2A,,41,,,,,,
7/13/21,21-SP2,2A,,412,,,,,,
7/13/21,21-SP2,2A,,41,,,,,,
7/13/21,21-SP2,2A,,411,,,,,,
7/13/21,21-SP2,2A,,41,,,,,,
7/13/21,21-SP2,2A,,40,,,,,,
7/13/21,21-SP2,2A,,4,,,,,,
7/13/21,21-SP2,2A,,2,,,,,,
7/13/21,21-SP2,2A,,0,,,,,,
7/13/21,21-SP2,2A,,1,,,,,,
7/13/21,21-SP2,2A,,3,,,,,,
7/13/21,21-SP2,2A,,30,,,,,,
7/13/21,21-SP2,2A,,31,,,,,,
7/13/21,21-SP2,2A,,30,,,,,,
7/13/21,21-SP2,2A,,32,,,,,,
7/13/21,21-SP2,2A,,321,,,,,,
7/13/21,21-SP2,2A,,32,,,,,,
7/13/21,21-SP2,2A,,322,,,,,,
7/13/21,21-SP2,2A,,32,,,,,,
7/13/21,21-SP2,2A,14:44,321,,,,,inspect,
7/13/21,21-SP2,2A,,32,,,,,,
7/13/21,21-SP2,2A,,30,,,,,,
7/13/21,21-SP2,2A,,3,,,,,,
7/13/21,21-SP2,2A,,5,,,,,,
7/13/21,21-SP2,2A,,7,,,,,,
7/13/21,21-SP2,2A,,5,,,,,,
7/13/21,21-SP2,2A,,3,,,,,,
7/13/21,21-SP2,2A,,1,,,,,,
7/13/21,21-SP2,2A,,10,,,,,,
7/13/21,21-SP2,2A,,11,,111,,,,
7/13/21,21-SP2,2A,,11,,,,,,
7/13/21,21-SP2,2A,,112,,,,,,
7/13/21,21-SP2,2A,,11,,,,,,
7/13/21,21-SP2,2A,,10,,,,,,
7/13/21,21-SP2,2A,,12,,,,,,
7/13/21,21-SP2,2A,,121,,,,,,
7/13/21,21-SP2,2A,,1211,,,,,,
7/13/21,21-SP2,2A,,121,,,,,,
7/13/21,21-SP2,2A,,1212,,,,,,
7/13/21,21-SP2,2A,,121,,,,,,
7/13/21,21-SP2,2A,,12,,,,,,
7/13/21,21-SP2,2A,,10,,,,,,
7/13/21,21-SP2,2A,,11,,,,,,
7/13/21,21-SP2,2A,,112,,,,,,
7/13/21,21-SP2,2A,14:47,1122,,,,,inspect,
7/13/21,21-SP2,2A,,112,,,,,,
7/13/21,21-SP2,2A,,11,,,,,,
7/13/21,21-SP2,2A,,10,,,,,,
7/13/21,21-SP2,2A,,11,,,,,,
7/13/21,21-SP2,2A,,111,,,,,,
7/13/21,21-SP2,2A,,1111,,,,,,
7/13/21,21-SP2,2A,,111,,,,,,
7/13/21,21-SP2,2A,14:49,1112,,,,,inspect,
7/13/21,21-SP2,2A,,111,,,,,,
7/13/21,21-SP2,2A,,11,,,,,,
7/13/21,21-SP2,2A,,112,,,,,,
7/13/21,21-SP2,2A,,1121,,,,,,
7/13/21,21-SP2,2A,,112,,,,,,
7/13/21,21-SP2,2A,,1122,,,,,,
7/13/21,21-SP2,2A,,112,,,,,,
7/13/21,21-SP2,2A,,11,,,,,,
7/13/21,21-SP2,2A,,10,,,,,,
7/13/21,21-SP2,2A,,1,,,,,,
7/13/21,21-SP2,2A,,3,,30,,,,
7/13/21,21-SP2,2A,,3,,,,,,
7/13/21,21-SP2,2A,,5,,,,,,
7/13/21,21-SP2,2A,,3,,,,,,
7/13/21,21-SP2,2A,,1,,,,,,
7/13/21,21-SP2,2A,,0,,,,,,
7/13/21,21-SP2,2A,14:51,-1,,,,,,
7/13/21,21-SP2,2B,14:54,0,,,,,,
7/13/21,21-SP2,2B,,2,,,,,,
7/13/21,21-SP2,2B,,0,,-1,,,,
7/13/21,21-SP2,2B,,0,,,,,,
7/13/21,21-SP2,2B,,1,,,,,,
7/13/21,21-SP2,2B,,0,,,,,,
7/13/21,21-SP2,2B,,2,,,,,,
7/13/21,21-SP2,2B,,0,,,,,,
7/13/21,21-SP2,2B,,1,,,,,,
7/13/21,21-SP2,2B,,0,,-1,,,,
7/13/21,21-SP2,2B,,0,,2,,,,
7/13/21,21-SP2,2B,,0,,-1,,,,
7/13/21,21-SP2,2B,,0,,,,,,
7/13/21,21-SP2,2B,,2,,,,,,
7/13/21,21-SP2,2B,,20,,,,,,
7/13/21,21-SP2,2B,,22,,,,,,
7/13/21,21-SP2,2B,,222,,,,,,
7/13/21,21-SP2,2B,,2221,,,,,,
7/13/21,21-SP2,2B,,222,,,,,,
7/13/21,21-SP2,2B,,2222,,,,,,
7/13/21,21-SP2,2B,,222,,,,,,
7/13/21,21-SP2,2B,,22,,,,,,
7/13/21,21-SP2,2B,,20,,,,,,
7/13/21,21-SP2,2B,,2,,,,,,
7/13/21,21-SP2,2B,,0,,1,,,,
7/13/21,21-SP2,2B,,0,,,,,,
7/13/21,21-SP2,2B,,1,,,,,,
7/13/21,21-SP2,2B,,0,,2,,,,
7/13/21,21-SP2,2B,,0,,1,,,,
7/13/21,21-SP2,2B,,0,,,,,,
7/13/21,21-SP2,2B,,1,,,,,,
7/13/21,21-SP2,2B,,10,,,,,,
7/13/21,21-SP2,2B,,1,,,,,,
7/13/21,21-SP2,2B,,0,,,,,,
7/13/21,21-SP2,2B,,2,,,,,,
7/13/21,21-SP2,2B,,0,,,,,,
7/13/21,21-SP2,2B,,1,,,,,,
7/13/21,21-SP2,2B,,3,,,,,,
7/13/21,21-SP2,2B,,30,,,,,,
7/13/21,21-SP2,2B,,31,,,,,,
7/13/21,21-SP2,2B,15:02,311,,,,,inspect,
7/13/21,21-SP2,2B,,31,,,,,,
7/13/21,21-SP2,2B,,30,,,,,,
7/13/21,21-SP2,2B,,32,,,,,,
7/13/21,21-SP2,2B,,30,,,,,,
7/13/21,21-SP2,2B,,3,,,,,,
7/13/21,21-SP2,2B,,5,,,,,,
7/13/21,21-SP2,2B,,3,,,,,,
7/13/21,21-SP2,2B,,1,,,,,,
7/13/21,21-SP2,2B,,10,,,,,,
7/13/21,21-SP2,2B,,12,,,,,,
7/13/21,21-SP2,2B,,122,,,,,,
7/13/21,21-SP2,2B,,1221,,,,,,
7/13/21,21-SP2,2B,,122,,,,,,
7/13/21,21-SP2,2B,,12,,,,,,
7/13/21,21-SP2,2B,,121,,,,,,
7/13/21,21-SP2,2B,,1212,,,,,,
7/13/21,21-SP2,2B,,121,,,,,,
7/13/21,21-SP2,2B,,12,,,,,,
7/13/21,21-SP2,2B,,10,,,,,,
7/13/21,21-SP2,2B,,1,,,,,,
7/13/21,21-SP2,2B,,3,,,,,,
7/13/21,21-SP2,2B,,5,,,,,,
7/13/21,21-SP2,2B,,50,,,,,,
7/13/21,21-SP2,2B,,5,,7,,,,
7/13/21,21-SP2,2B,,5,,,,,,
7/13/21,21-SP2,2B,,3,,,,,,
7/13/21,21-SP2,2B,,1,,10,,,,
7/13/21,21-SP2,2B,,1,,,,,,
7/13/21,21-SP2,2B,,0,,,,,,
7/13/21,21-SP2,2B,,1,,,,,,
7/13/21,21-SP2,2B,,0,,,,,,
7/13/21,21-SP2,2B,,2,,,,,,
7/13/21,21-SP2,2B,,4,,,,,,
7/13/21,21-SP2,2B,,40,,,,,,
7/13/21,21-SP2,2B,,4,,,,,,
7/13/21,21-SP2,2B,,6,,,,,,
7/13/21,21-SP2,2B,,4,,,,,,
7/13/21,21-SP2,2B,,2,,,,,,
7/13/21,21-SP2,2B,,20,,22,,,,
7/13/21,21-SP2,2B,,20,,,,,,
7/13/21,21-SP2,2B,,2,,,,,,
7/13/21,21-SP2,2B,,0,,-1,,,,
7/13/21,21-SP2,2B,,0,,,,,,
7/13/21,21-SP2,2B,,1,,,,,,
7/13/21,21-SP2,2B,,3,,30,,,,
7/13/21,21-SP2,2B,,3,,,,,,
7/13/21,21-SP2,2B,,5,,,,,,
7/13/21,21-SP2,2B,,50,,,,,,
7/13/21,21-SP2,2B,15:07,52,,,,,inspect,
7/13/21,21-SP2,2B,,50,,,,,,
7/13/21,21-SP2,2B,,5,,,,,,
7/13/21,21-SP2,2B,,7,,71,,,,
7/13/21,21-SP2,2B,,7,,,,,,
7/13/21,21-SP2,2B,,5,,,,,,
7/13/21,21-SP2,2B,,3,,,,,,
7/13/21,21-SP2,2B,,1,,,,,,
7/13/21,21-SP2,2B,,10,,,,,,
7/13/21,21-SP2,2B,,11,,,,,,
7/13/21,21-SP2,2B,,111,,,,,,
7/13/21,21-SP2,2B,,1111,,,,,,
7/13/21,21-SP2,2B,,111,,,,,,
7/13/21,21-SP2,2B,,11,,,,,,
7/13/21,21-SP2,2B,,112,,,,,,
7/13/21,21-SP2,2B,,11,,,,,,
7/13/21,21-SP2,2B,,10,,,,,,
7/13/21,21-SP2,2B,,12,,,,,,
7/13/21,21-SP2,2B,,122,,,,,,
7/13/21,21-SP2,2B,15:15,1221,,,,,,
7/13/21,21-SP2,3A,15:44,0,,,,,,
7/13/21,21-SP2,3A,,1,,,,,,
7/13/21,21-SP2,3A,,10,,,,,,
7/13/21,21-SP2,3A,,11,,,,,,
7/13/21,21-SP2,3A,,112,,,,,,
7/13/21,21-SP2,3A,15:45,1121,,,,,inspect,
7/13/21,21-SP2,3A,,112,,,,,,
7/13/21,21-SP2,3A,,11,,111,,,,
7/13/21,21-SP2,3A,,11,,,,,,
7/13/21,21-SP2,3A,,10,,,,,,
7/13/21,21-SP2,3A,,1,,,,,,
7/13/21,21-SP2,3A,,0,,2,,,,
7/13/21,21-SP2,3A,,0,,,,,,
7/13/21,21-SP2,3A,,1,,,,,,
7/13/21,21-SP2,3A,,3,,,,,,
7/13/21,21-SP2,3A,,5,,,,,,
7/13/21,21-SP2,3A,,7,,,,,,
7/13/21,21-SP2,3A,15:50,71,,,,,inspect (ended video at ground),
7/13/21,21-SP2,3B,15:55,0,,,,,,
7/13/21,21-SP2,3B,,2,,,,,,
7/13/21,21-SP2,3B,,20,,,,,,
7/13/21,21-SP2,3B,,22,,222,,,,
7/13/21,21-SP2,3B,,22,,,,,,
7/13/21,21-SP2,3B,,222,,,,,,
7/13/21,21-SP2,3B,15:56,2222,,,,,inspect,
7/13/21,21-SP2,3B,,222,,,,,,
7/13/21,21-SP2,3B,,22,,,,,,
7/13/21,21-SP2,3B,,20,,,,,,
7/13/21,21-SP2,3B,,2,,,,,,
7/13/21,21-SP2,3B,,0,,,,,,
7/13/21,21-SP2,3B,,2,,,,,,
7/13/21,21-SP2,3B,,20,,,,,,
7/13/21,21-SP2,3B,,21,,,,,,
7/13/21,21-SP2,3B,,211,,,,,,
7/13/21,21-SP2,3B,16:04,2112,,,,,inspect,
7/13/21,21-SP2,3B,,211,,,,,,
7/13/21,21-SP2,3B,16:06,2111,,,,,inspect,
7/13/21,21-SP2,3B,,211,,,,,,
7/13/21,21-SP2,3B,,21,,,,,,
7/13/21,21-SP2,3B,,20,,,,,,
7/13/21,21-SP2,3B,,2,,4,,,,
7/13/21,21-SP2,3B,,2,,,,,,
7/13/21,21-SP2,3B,,0,,,,,,
7/13/21,21-SP2,3B,,2,,,,,,
7/13/21,21-SP2,3B,,20,,,,,,
7/13/21,21-SP2,3B,,22,,,,,,
7/13/21,21-SP2,3B,,222,,,,,,
7/13/21,21-SP2,3B,16:08,2222,,,,,inspect,
7/13/21,21-SP2,3B,,222,,,,,,
7/13/21,21-SP2,3B,16:12,2221,,,,,inspect,
7/13/21,21-SP2,3B,,222,,,,,,
7/13/21,21-SP2,3B,,22,,,,,,
7/13/21,21-SP2,3B,,221,,,,,,
7/13/21,21-SP2,3B,16:13,2212,,,,,inspect,
7/13/21,21-SP2,3B,,221,,,,,,
7/13/21,21-SP2,3B,,22,,,,,,
7/13/21,21-SP2,3B,,222,,,,,,
7/13/21,21-SP2,3B,16:14,2221,,,,,inspect,
7/13/21,21-SP2,3B,,222,,,,,,
7/13/21,21-SP2,3B,16:15,2222,,,,,inspect,
7/14/21,21-SP2,4A,14:36,0,,2,,,,
7/14/21,21-SP2,4A,,0,,,,,,
7/14/21,21-SP2,4A,,2,,,,,,
7/14/21,21-SP2,4A,,0,,,,,,
7/14/21,21-SP2,4A,,1,,,,,,
7/14/21,21-SP2,4A,,0,,,,,,
7/14/21,21-SP2,4A,,-1,,,,,,
7/14/21,21-SP2,4A,,0,,,,,,
7/14/21,21-SP2,4A,,1,,,,,,
7/14/21,21-SP2,4A,,10,,,,,,
7/14/21,21-SP2,4A,,12,,,,,,
7/14/21,21-SP2,4A,,10,,,,,,
7/14/21,21-SP2,4A,,1,,,,,,
7/14/21,21-SP2,4A,,0,,,,,,
7/14/21,21-SP2,4A,,-1,,,,,,
7/14/21,21-SP2,4A,,0,,1,,,,
7/14/21,21-SP2,4A,,0,,,,,,
7/14/21,21-SP2,4A,,1,,,,,,
7/14/21,21-SP2,4A,,3,,,,,,
7/14/21,21-SP2,4A,,30,,,,,,
7/14/21,21-SP2,4A,,31,,,,,,
7/14/21,21-SP2,4A,,211,,,,,,
7/14/21,21-SP2,4A,,31,,,,,,
7/14/21,21-SP2,4A,14:42,312,,,,,inspect,
7/14/21,21-SP2,4A,,31,,,,,,
7/14/21,21-SP2,4A,,30,,,,,,
7/14/21,21-SP2,4A,,32,,,,,,
7/14/21,21-SP2,4A,14:44,321,,,,,inspect,
7/14/21,21-SP2,4A,,32,,,,,,
7/14/21,21-SP2,4A,14:44,322,,,,,inspect,
7/14/21,21-SP2,4A,,32,,,,,,
7/14/21,21-SP2,4A,,30,,,,,,
7/14/21,21-SP2,4A,,3,,,,,,
7/14/21,21-SP2,4A,,5,,,,,,
7/14/21,21-SP2,4A,,7,,,,,,
7/14/21,21-SP2,4A,,71,,,,,,
7/14/21,21-SP2,4A,,7,,,,,,
7/14/21,21-SP2,4A,,5,,50,,,,
7/14/21,21-SP2,4A,,5,,,,,,
7/14/21,21-SP2,4A,,3,,,,,,
7/14/21,21-SP2,4A,,30,,,,,,
7/14/21,21-SP2,4A,,3,,,,,,
7/14/21,21-SP2,4A,,1,,,,,,
7/14/21,21-SP2,4A,,3,,,,,,
7/14/21,21-SP2,4A,,5,,,,,,
7/14/21,21-SP2,4A,,7,,,,,,
7/14/21,21-SP2,4A,14:46,72,,,,,inspect,
7/14/21,21-SP2,4A,,7,,,,,,
7/14/21,21-SP2,4A,,5,,,,,,
7/14/21,21-SP2,4A,,50,,,,,,
7/14/21,21-SP2,4A,,52,,,,,,
7/14/21,21-SP2,4A,,50,,,,,,
7/14/21,21-SP2,4A,,5,,,,,,
7/14/21,21-SP2,4A,,3,,,,,,
7/14/21,21-SP2,4A,,30,,,,,,
7/14/21,21-SP2,4A,,32,,,,,,
7/14/21,21-SP2,4A,14:46,322,,,,,inspect,
7/14/21,21-SP2,4A,,32,,,,,,
7/14/21,21-SP2,4A,,321,,,,,,
7/14/21,21-SP2,4A,,32,,,,,,
7/14/21,21-SP2,4A,,30,,,,,,
7/14/21,21-SP2,4A,,3,,,,,,
7/14/21,21-SP2,4A,,5,,,,,,
7/14/21,21-SP2,4A,,3,,,,,,
7/14/21,21-SP2,4A,,1,,,,,,
7/14/21,21-SP2,4A,,10,,,,,,
7/14/21,21-SP2,4A,,1,,0,,,,
7/14/21,21-SP2,4A,,3,,30,,,,
7/14/21,21-SP2,4A,,3,,,,,,
7/14/21,21-SP2,4A,,5,,,,,,
7/14/21,21-SP2,4A,,3,,,,,,
7/14/21,21-SP2,4A,,1,,,,,,
7/14/21,21-SP2,4A,,10,,,,,,
7/14/21,21-SP2,4A,,11,,,,,,
7/14/21,21-SP2,4A,,111,,,,,,
7/14/21,21-SP2,4A,14:48,1111,,,,,inspect,
7/14/21,21-SP2,4A,,111,,,,,,
7/14/21,21-SP2,4A,,11,,,,,,
7/14/21,21-SP2,4A,,112,,,,,,
7/14/21,21-SP2,4A,,1121,,,,,,
7/14/21,21-SP2,4A,,112,,,,,,
7/14/21,21-SP2,4A,14:50,1122,,,,,inspect,
7/14/21,21-SP2,4A,,112,,,,,,
7/14/21,21-SP2,4A,,11,,,,,,
7/14/21,21-SP2,4A,,10,,,,,,
7/14/21,21-SP2,4A,,1,,,,,,
7/14/21,21-SP2,4A,,3,,5,,,,
7/14/21,21-SP2,4A,,3,,30,,,,
7/14/21,21-SP2,4A,,3,,30,,,,
7/14/21,21-SP2,4A,,3,,,,,,
7/14/21,21-SP2,4A,,1,,,,,,
7/14/21,21-SP2,4A,,0,,,,,,
7/14/21,21-SP2,4A,14:51,-1,,,,,,
7/14/21,21-SP2,4B,14:54,0,,,,,,
7/14/21,21-SP2,4B,,2,,,,,,
7/14/21,21-SP2,4B,,4,,,,,,
7/14/21,21-SP2,4B,,6,,,,,,
7/14/21,21-SP2,4B,,8,,,,,,
7/14/21,21-SP2,4B,14:55,81,,,,,inspect,
7/14/21,21-SP2,4B,,8,,,,,,
7/14/21,21-SP2,4B,,82,,,,,,
7/14/21,21-SP2,4B,,8,,,,,,
7/14/21,21-SP2,4B,,6,,,,,,
7/14/21,21-SP2,4B,,60,,,,,,
7/14/21,21-SP2,4B,14:56,61,,,,,inspect,
7/14/21,21-SP2,4B,,60,,,,,,
7/14/21,21-SP2,4B,14:56,62,,,,,inspect,
7/14/21,21-SP2,4B,,60,,,,,,
7/14/21,21-SP2,4B,,6,,,,,,
7/14/21,21-SP2,5A,15:48,0,,,,,,
7/14/21,21-SP2,5A,,2,,,,,,
7/14/21,21-SP2,5A,,20,,,,,,
7/14/21,21-SP2,5A,,21,,,,,,
7/14/21,21-SP2,5A,,212,,,,,,
7/14/21,21-SP2,5A,15:49,2121,,,,,inspect,
7/14/21,21-SP2,5A,,212,,,,,,
7/14/21,21-SP2,5A,,21,,,,,,
7/14/21,21-SP2,5A,,20,,,,,,
7/14/21,21-SP2,5A,,2,,,,,,
7/14/21,21-SP2,5A,,0,,,,,,
7/14/21,21-SP2,5A,,1,,,,,,
7/14/21,21-SP2,5A,,10,,12,,,,
7/14/21,21-SP2,5A,,10,,,,,,
7/14/21,21-SP2,5A,,11,,,,,,
7/14/21,21-SP2,5A,,112,,,,,,
7/14/21,21-SP2,5A,,1121,,,,,,
7/14/21,21-SP2,5A,,112,,,,,,
7/14/21,21-SP2,5A,15:50,1122,,,,,inspect,
7/14/21,21-SP2,5A,,112,,,,,,
7/14/21,21-SP2,5A,,11,,,,,,
7/14/21,21-SP2,5A,,10,,,,,,
7/14/21,21-SP2,5A,,1,,,,,,
7/14/21,21-SP2,5A,,3,,,,,,
7/14/21,21-SP2,5A,,30,,,,,,
7/14/21,21-SP2,5A,,32,,,,,,
7/14/21,21-SP2,5A,15:51,321,,,,,inspect,
7/14/21,21-SP2,5A,,32,,,,,,
7/14/21,21-SP2,5A,15:52,322,,,,,inspect,
7/14/21,21-SP2,5A,,32,,,,,,
7/14/21,21-SP2,5A,15:52,322,,,,,inspect,
7/14/21,21-SP2,5A,,32,,,,,,
7/14/21,21-SP2,5A,,30,,,,,,
7/14/21,21-SP2,5A,,3,,,,,,
7/14/21,21-SP2,5A,,5,,,,,,
7/14/21,21-SP2,5A,,50,,,,,,
7/14/21,21-SP2,5A,,51,,,,,,
7/14/21,21-SP2,5A,,50,,,,,,
7/14/21,21-SP2,5A,15:53,52,,,,,inspect,
7/14/21,21-SP2,5A,,50,,,,,,
7/14/21,21-SP2,5A,,5,,,,,,
7/14/21,21-SP2,5A,,7,,,,,,
7/14/21,21-SP2,5A,15:53,71,,,,,"inspect, walked to ground",
7/14/21,21-SP2,5B,15:59,0,,,,,,
7/14/21,21-SP2,5B,,2,,,,,,
7/14/21,21-SP2,5B,,20,,,,,,
7/14/21,21-SP2,5B,,22,,,,,,
7/14/21,21-SP2,5B,,222,,,,,,
7/14/21,21-SP2,5B,15:59,2222,,,,,inspect,
7/14/21,21-SP2,5B,,222,,,,,,
7/14/21,21-SP2,5B,,22,,,,,,
7/14/21,21-SP2,5B,,20,,,,,,
7/14/21,21-SP2,5B,,21,,,,,,
7/14/21,21-SP2,5B,,20,,,,,,
7/14/21,21-SP2,5B,,2,,,,,,
7/14/21,21-SP2,5B,,0,,,,,,
7/14/21,21-SP2,5B,,1,,,,,,
7/14/21,21-SP2,5B,,3,,,,,,
7/14/21,21-SP2,5B,,5,,,,,,
7/14/21,21-SP2,5B,,50,,,,,,
7/14/21,21-SP2,5B,16:01,52,,,,,inspect,
7/14/21,21-SP2,5B,,50,,,,,,
7/14/21,21-SP2,5B,,5,,,,,,
7/14/21,21-SP2,5B,,7,,,,,,
7/14/21,21-SP2,5B,16:01,71,,,,,"inspect, ground",
7/15/21,21-SP2,6A,13:41,0,,,,,,
7/15/21,21-SP2,6A,,1,,,,,,
7/15/21,21-SP2,6A,,3,,,,,,
7/15/21,21-SP2,6A,,5,,,,,,
7/15/21,21-SP2,6A,,7,,,,,,
7/15/21,21-SP2,6A,,71,,,,,,
7/15/21,21-SP2,6A,,7,,,,,,
7/15/21,21-SP2,6A,,5,,,,,,
7/15/21,21-SP2,6A,,3,,,,,,
7/15/21,21-SP2,6A,,1,,,,,,
7/15/21,21-SP2,6A,,0,,,,,,
7/15/21,21-SP2,6A,,2,,4,,,,
7/15/21,21-SP2,6A,,2,,,,,,
7/15/21,21-SP2,6A,,0,,,,,,
7/15/21,21-SP2,6A,,1,,,,,,
7/15/21,21-SP2,6A,,10,,,,,,
7/15/21,21-SP2,6A,,1,,,,,,
7/15/21,21-SP2,6A,,3,,,,,,
7/15/21,21-SP2,6A,,5,,,,,,
7/15/21,21-SP2,6A,,7,,,,,,
7/15/21,21-SP2,6A,,71,,,,,,
7/15/21,21-SP2,6A,,7,,,,,,
7/15/21,21-SP2,6A,,5,,,,,,
7/15/21,21-SP2,6A,,3,,,,,,
7/15/21,21-SP2,6A,,1,,,,,,
7/15/21,21-SP2,6A,,10,,,,,,
7/15/21,21-SP2,6A,,11,,112,,,,
7/15/21,21-SP2,6A,,11,,,,,,
7/15/21,21-SP2,6A,,10,,,,,,
7/15/21,21-SP2,6A,,12,,,,,,
7/15/21,21-SP2,6A,,121,,,,,,
7/15/21,21-SP2,6A,13:45,1211,,,,,inspect,
7/15/21,21-SP2,6A,,121,,,,,,
7/15/21,21-SP2,6A,,1212,,,,,,
7/15/21,21-SP2,6A,,121,,,,,,
7/15/21,21-SP2,6A,,12,,,,,,
7/15/21,21-SP2,6A,,122,,,,,,
7/15/21,21-SP2,6A,13:47,1221,,,,,inspect,
7/15/21,21-SP2,6A,,122,,,,,,
7/15/21,21-SP2,6A,13:47,1222,,,,,inspect,
7/15/21,21-SP2,6A,,122,,,,,,
7/15/21,21-SP2,6A,,12,,,,,,
7/15/21,21-SP2,6A,,10,,,,,,
7/15/21,21-SP2,6A,,1,,,,,,
7/15/21,21-SP2,6A,,0,,,,,,
7/15/21,21-SP2,6A,13:48,-1,,,,,,
7/15/21,21-SP2,6B,13:52,0,,,,,,
7/15/21,21-SP2,6B,,1,,,,,,
7/15/21,21-SP2,6B,,3,,,,,,
7/15/21,21-SP2,6B,,5,,,,,,
7/15/21,21-SP2,6B,,7,,,,,,
7/15/21,21-SP2,6B,,71,,,,,,
7/15/21,21-SP2,6B,,7,,,,,,
7/15/21,21-SP2,6B,,5,,,,,,
7/15/21,21-SP2,6B,,3,,,,,,
7/15/21,21-SP2,6B,,1,,,,,,
7/15/21,21-SP2,6B,,0,,-1,,,,
7/15/21,21-SP2,6B,,0,,,,,,
7/15/21,21-SP2,6B,,1,,,,,,
7/15/21,21-SP2,6B,,3,,,,,,
7/15/21,21-SP2,6B,,5,,,,,,
7/15/21,21-SP2,6B,,7,,,,,,
7/15/21,21-SP2,6B,13:55,71,,,,,inspect,
7/15/21,21-SP2,6B,,7,,,,,,
7/15/21,21-SP2,6B,,5,,,,,,
7/15/21,21-SP2,6B,,7,,,,,,
7/15/21,21-SP2,6B,13:58,71,,,,,"inspect, ground at 14:00",
7/15/21,21-SP2,7A,14:25,0,,,,,,
7/15/21,21-SP2,7A,,1,,,,,,
7/15/21,21-SP2,7A,,10,,,,,,
7/15/21,21-SP2,7A,,11,,,,,,
7/15/21,21-SP2,7A,,111,,,,,,
7/15/21,21-SP2,7A,,1111,,,,,,
7/15/21,21-SP2,7A,,111,,,,,,
7/15/21,21-SP2,7A,14:26,1112,,,,,inspect,
7/15/21,21-SP2,7A,,111,,,,,,
7/15/21,21-SP2,7A,,11,,,,,,
7/15/21,21-SP2,7A,,10,,,,,,
7/15/21,21-SP2,7A,,1,,,,,,
7/15/21,21-SP2,7A,,10,,12,,,,
7/15/21,21-SP2,7A,,10,,,,,,
7/15/21,21-SP2,7A,,11,,,,,,
7/15/21,21-SP2,7A,,111,,,,,,
7/15/21,21-SP2,7A,14:27,1112,,,,,inspect,
7/15/21,21-SP2,7A,,111,,,,,,
7/15/21,21-SP2,7A,,11,,,,,,
7/15/21,21-SP2,7A,,10,,,,,,
7/15/21,21-SP2,7A,,1,,,,,,
7/15/21,21-SP2,7A,,3,,,,,,
7/15/21,21-SP2,7A,,1,,,,,,
7/15/21,21-SP2,7A,,0,,,,,,
7/15/21,21-SP2,7A,,-1,,,,,,
7/15/21,21-SP2,7B,14:32,0,,,,,,
7/15/21,21-SP2,7B,,1,,,,,,
7/15/21,21-SP2,7B,,0,,,,,,
7/15/21,21-SP2,7B,,2,,,,,,
7/15/21,21-SP2,7B,,20,,,,,,
7/15/21,21-SP2,7B,,2,,,,,,
7/15/21,21-SP2,7B,,0,,2,,,,
7/15/21,21-SP2,7B,,0,,,,,,
7/15/21,21-SP2,7B,,1,,,,,,
7/15/21,21-SP2,7B,,3,,,,,,
7/15/21,21-SP2,7B,,5,,,,,,
7/15/21,21-SP2,7B,,7,,,,,,
7/15/21,21-SP2,7B,,71,,,,,,
7/15/21,21-SP2,7B,,7,,,,,,
7/15/21,21-SP2,7B,14:34,72,,,,,inspect,
7/15/21,21-SP2,7B,,7,,,,,,
7/15/21,21-SP2,7B,,5,,,,,,
7/15/21,21-SP2,7B,,3,,,,,,
7/15/21,21-SP2,7B,,1,,,,,,
7/15/21,21-SP2,7B,,0,,-1,,,,
7/15/21,21-SP2,7B,,0,,,,,,
7/15/21,21-SP2,7B,,1,,,,,,
7/15/21,21-SP2,7B,,10,,,,,,
7/15/21,21-SP2,7B,,12,,,,,,
7/15/21,21-SP2,7B,,121,,,,,,
7/15/21,21-SP2,7B,,1211,,,,,,
7/15/21,21-SP2,7B,,121,,,,,,
7/15/21,21-SP2,7B,,12,,,,,,
7/15/21,21-SP2,7B,,10,,,,,,
7/15/21,21-SP2,7B,,11,,,,,,
7/15/21,21-SP2,7B,,111,,,,,,
7/15/21,21-SP2,7B,14:36,1112,,,,,inspect,
7/15/21,21-SP2,7B,,111,,,,,,
7/15/21,21-SP2,7B,14:36,1111,,,,,inspect,
7/15/21,21-SP2,7B,,111,,,,,,
7/15/21,21-SP2,7B,14:37,1112,,,,,inspect,
7/15/21,21-SP2,7B,,111,,,,,,
7/15/21,21-SP2,7B,,1111,,,,,,
7/15/21,21-SP2,7B,,111,,,,,,
7/15/21,21-SP2,7B,,11,,,,,,
7/15/21,21-SP2,7B,,10,,,,,,
7/15/21,21-SP2,7B,,1,,,,,,
7/15/21,21-SP2,7B,,3,,,,,,
7/15/21,21-SP2,7B,,5,,,,,,
7/15/21,21-SP2,7B,,7,,,,,,
7/15/21,21-SP2,7B,,72,,,,,,
7/15/21,21-SP2,7B,,7,,,,,,
7/15/21,21-SP2,7B,,5,,,,,,
7/15/21,21-SP2,7B,,3,,,,,,
7/15/21,21-SP2,7B,,30,,,,,,
7/15/21,21-SP2,7B,,32,,,,,,
7/15/21,21-SP2,7B,14:39,322,,,,,inspect,
7/15/21,21-SP2,7B,,32,,,,,,
7/15/21,21-SP2,7B,14:39,321,,,,,inspect,
7/15/21,21-SP2,7B,,32,,,,,,
7/15/21,21-SP2,7B,,321,,,,,,
7/15/21,21-SP2,7B,,32,,,,,,
7/15/21,21-SP2,7B,,30,,,,,,
7/15/21,21-SP2,7B,,31,,,,,,
7/15/21,21-SP2,7B,14:41,311,,,,,inspect,
7/15/21,21-SP2,7B,,31,,,,,,
7/15/21,21-SP2,7B,14:41,312,,,,,inspect,
7/15/21,21-SP2,7B,,31,,,,,,
7/15/21,21-SP2,7B,,30,,,,,,
7/15/21,21-SP2,7B,,3,,,,,,
7/15/21,21-SP2,7B,,1,,,,,,
7/15/21,21-SP2,7B,,0,,,,,,
7/15/21,21-SP2,7B,14:42,-1,,,,,,
7/15/21,21-SP2,7B,,0,,,,,,
7/15/21,21-SP2,7B,,2,,,,,,
7/15/21,21-SP2,7B,,4,,,,,,
7/15/21,21-SP2,7B,,6,,,,,,
7/15/21,21-SP2,7B,,8,,,,,,
7/15/21,21-SP2,7B,14:43,82,,,,,inspect,
7/15/21,21-SP2,7B,,8,,,,,,
7/15/21,21-SP2,7B,14:44,81,,,,,inspect,
7/15/21,21-SP2,7B,,8,,,,,,
7/15/21,21-SP2,7B,14:45,82,,,,,inspect,
7/15/21,21-SP2,7B,,8,,,,,,
7/15/21,21-SP2,7B,,6,,,,,,
7/15/21,21-SP2,7B,,60,,,,,,
7/15/21,21-SP2,7B,14:45,61,,,,,inspect,
7/15/21,21-SP2,7B,,60,,,,,,
7/15/21,21-SP2,7B,14:46,62,,,,,inspect,
7/15/21,21-SP2,7B,,60,,,,,,
7/15/21,21-SP2,7B,,6,,,,,,
7/15/21,21-SP2,7B,,4,,,,,,
7/15/21,21-SP2,7B,,2,,,,,,
7/15/21,21-SP2,7B,,0,,-1,,,,
7/15/21,21-SP2,7B,,0,,,,,,
7/15/21,21-SP2,7B,,1,,,,,,
7/15/21,21-SP2,7B,,3,,,,,,
7/15/21,21-SP2,7B,,30,,,,,,
7/15/21,21-SP2,7B,,32,,,,,,
7/15/21,21-SP2,7B,14:47,321,,,,,inspect,
7/15/21,21-SP2,7B,,32,,,,,,
7/15/21,21-SP2,7B,,30,,,,,,
7/15/21,21-SP2,7B,,31,,,,,,
7/15/21,21-SP2,7B,14:48,312,,,,,inspect,
7/15/21,21-SP2,7B,,31,,,,,,
7/15/21,21-SP2,7B,,311,,,,,,
7/15/21,21-SP2,7B,,31,,312,,,,
7/15/21,21-SP2,7B,,31,,,,,,
7/15/21,21-SP2,7B,,30,,,,,,
7/15/21,21-SP2,7B,,3,,,,,,
7/15/21,21-SP2,7B,,1,,,,,,
7/15/21,21-SP2,7B,,0,,,,,,
7/15/21,21-SP2,7B,,2,,,,,,
7/15/21,21-SP2,7B,,4,,,,,,
7/15/21,21-SP2,7B,,40,,,,,,
7/15/21,21-SP2,7B,,42,,,,,,
7/15/21,21-SP2,7B,14:51,421,,,,,inspect,
7/15/21,21-SP2,7B,,42,,,,,,
7/15/21,21-SP2,7B,14:52,422,,,,,inspect,
7/15/21,21-SP2,8A,15:49,0,,1,,,,
7/15/21,21-SP2,8A,,0,,,,,,
7/15/21,21-SP2,8A,,2,,,,,,
7/15/21,21-SP2,8A,,0,,,,,,
7/15/21,21-SP2,8A,,1,,3,,,,
7/15/21,21-SP2,8A,,1,,10,,,,
7/15/21,21-SP2,8A,,1,,,,,,
7/15/21,21-SP2,8A,,0,,,,,,
7/15/21,21-SP2,8A,,2,,,,,,
7/15/21,21-SP2,8A,,20,,,,,,
7/15/21,21-SP2,8A,,22,,,,,,
7/15/21,21-SP2,8A,,222,,,,,,
7/15/21,21-SP2,8A,,2222,,,,,,
7/15/21,21-SP2,8A,,222,,,,,,
7/15/21,21-SP2,8A,15:51,2222,,,,,inspeect,
7/15/21,21-SP2,8A,,222,,,,,,
7/15/21,21-SP2,8A,,22,,,,,,
7/15/21,21-SP2,8A,,20,,,,,,
7/15/21,21-SP2,8A,,2,,,,,,
7/15/21,21-SP2,8A,,0,,,,,,
7/15/21,21-SP2,8A,,1,,,,,,
7/15/21,21-SP2,8A,,3,,,,,,
7/15/21,21-SP2,8A,,5,,,,,,
7/15/21,21-SP2,8A,,50,,,,,,
7/15/21,21-SP2,8A,15:53,52,,,,,inspect,
7/15/21,21-SP2,8A,,50,,,,,,
7/15/21,21-SP2,8A,,5,,,,,,
7/15/21,21-SP2,8A,,7,,,,,,
7/15/21,21-SP2,8A,,71,,,,,,
7/15/21,21-SP2,8A,,7,,,,,,
7/15/21,21-SP2,8A,15:55,71,,,,,inspect,
7/15/21,21-SP2,8A,,7,,,,,,
7/15/21,21-SP2,8A,,5,,,,,,
7/15/21,21-SP2,8A,,50,,,,,,
7/15/21,21-SP2,8A,,51,,,,,,
7/15/21,21-SP2,8A,,5,,,,,,
7/15/21,21-SP2,8A,,52,,,,,,
7/15/21,21-SP2,8A,,5,,,,,,
7/15/21,21-SP2,8A,16:04,51,,,,,inspect,
7/15/21,21-SP2,8A,,50,,,,,,
7/15/21,21-SP2,8A,,5,,,,,,
7/15/21,21-SP2,8A,,3,,,,,,
7/15/21,21-SP2,8A,,30,,,,,,
7/15/21,21-SP2,8A,,32,,,,,,
7/15/21,21-SP2,8A,16:09,321,,,,,inspect,
7/15/21,21-SP2,8B,16:15,0,,1,,,,
7/15/21,21-SP2,8B,,0,,2,,,,
7/15/21,21-SP2,8B,,0,,,,,,
7/15/21,21-SP2,8B,,-1,,,,,,
7/15/21,21-SP2,8B,,0,,,,,,
7/15/21,21-SP2,8B,,-1,,,,,,
7/15/21,21-SP2,8B,,0,,,,,,
7/15/21,21-SP2,8B,,1,,,,,,
7/15/21,21-SP2,8B,,0,,,,,,
7/15/21,21-SP2,8B,,2,,4,,,,
7/15/21,21-SP2,8B,,2,,,,,,
7/15/21,21-SP2,8B,,20,,,,,,
7/15/21,21-SP2,8B,,21,,,,,,
7/15/21,21-SP2,8B,,20,,,,,,
7/15/21,21-SP2,8B,,22,,,,,,
7/15/21,21-SP2,8B,,20,,,,,,
7/15/21,21-SP2,8B,,2,,,,,,
7/15/21,21-SP2,8B,,0,,,,,,
7/15/21,21-SP2,8B,,1,,,,,,
7/15/21,21-SP2,8B,,10,,,,,,
7/15/21,21-SP2,8B,,1,,,,,,
7/15/21,21-SP2,8B,,0,,2,,,,
7/15/21,21-SP2,8B,,0,,,,,,
7/15/21,21-SP2,8B,,-1,,,,,,
7/15/21,21-SP2,8B,,0,,,,,,
7/15/21,21-SP2,8B,,-1,,,,,,
7/15/21,21-SP2,8B,,0,,,,,,
7/15/21,21-SP2,8B,,2,,,,,,
7/15/21,21-SP2,8B,,20,,,,,,
7/15/21,21-SP2,8B,,21,,211,,,,
7/15/21,21-SP2,8B,,21,,,,,,
7/15/21,21-SP2,8B,,212,,,,,,
7/15/21,21-SP2,8B,,21,,,,,,
7/15/21,21-SP2,8B,,20,,,,,,
7/15/21,21-SP2,8B,,22,,,,,,
7/15/21,21-SP2,8B,,20,,,,,,
7/15/21,21-SP2,8B,,2,,,,,,
7/15/21,21-SP2,8B,,0,,,,,,
7/15/21,21-SP2,8B,,-1,,,,,,
7/15/21,21-SP2,8B,,0,,,,,,
7/15/21,21-SP2,8B,,2,,,,,,
7/15/21,21-SP2,8B,,0,,,,,,
7/15/21,21-SP2,8B,,-1,,,,,,
7/15/21,21-SP2,8B,,0,,,,,,
7/15/21,21-SP2,8B,,1,,,,,,
7/15/21,21-SP2,8B,,3,,,,,,
7/15/21,21-SP2,8B,,30,,,,,,
7/15/21,21-SP2,8B,,31,,311,,,,
7/15/21,21-SP2,8B,,31,,,,,,
7/15/21,21-SP2,8B,16:32,312,,,,,inspect,
7/15/21,21-SP2,8B,,31,,,,,,
7/15/21,21-SP2,8B,,30,,,,,,
7/15/21,21-SP2,8B,,32,,,,,,
7/15/21,21-SP2,8B,,30,,,,,,
7/15/21,21-SP2,8B,,3,,,,,,
7/15/21,21-SP2,8B,,5,,,,,,
7/15/21,21-SP2,8B,,3,,,,,,
7/15/21,21-SP2,8B,,1,,,,,,
7/15/21,21-SP2,8B,,10,,,,,,
7/15/21,21-SP2,8B,,11,,,,,,
7/15/21,21-SP2,8B,,10,,,,,,
7/15/21,21-SP2,8B,,12,,121,,,,
7/15/21,21-SP2,8B,,12,,,,,,
7/15/21,21-SP2,8B,,122,,,,,,
7/15/21,21-SP2,8B,,1221,,,,,,
7/15/21,21-SP2,8B,,122,,,,,,
7/15/21,21-SP2,8B,16:34,1222,,,,,inspect,
7/15/21,21-SP2,8B,,122,,,,,,
7/15/21,21-SP2,8B,,12,,,,,,
7/15/21,21-SP2,8B,,10,,,,,,
7/15/21,21-SP2,8B,,1,,,,,,
7/15/21,21-SP2,8B,,0,,,,,,
7/15/21,21-SP2,8B,16:35,-1,,,,,,
7/16/21,21-SP2,9A,14:06,0,,-1,,,,
7/16/21,21-SP2,9A,,0,,,,,,
7/16/21,21-SP2,9A,,1,,3,,,,
7/16/21,21-SP2,9A,,1,,,,,,
7/16/21,21-SP2,9A,,10,,12,,,,
7/16/21,21-SP2,9A,,10,,,,,,
7/16/21,21-SP2,9A,,1,,,,,,
7/16/21,21-SP2,9A,,0,,2,,,,
7/16/21,21-SP2,9A,,0,,,,,,
7/16/21,21-SP2,9A,,-1,,,,,,
7/16/21,21-SP2,9A,,0,,,,,,
7/16/21,21-SP2,9A,,2,,,,,,
7/16/21,21-SP2,9A,,20,,,,,,
7/16/21,21-SP2,9A,,22,,,,,,
7/16/21,21-SP2,9A,,222,,,,,,
7/16/21,21-SP2,9A,,22,,,,,,
7/16/21,21-SP2,9A,,20,,,,,,
7/16/21,21-SP2,9A,,21,,,,,,
7/16/21,21-SP2,9A,,212,,,,,,
7/16/21,21-SP2,9A,,2121,,,,,,
7/16/21,21-SP2,9A,,212,,,,,,
7/16/21,21-SP2,9A,,21,,,,,,
7/16/21,21-SP2,9A,,211,,,,,,
7/16/21,21-SP2,9A,,2111,,,,,,
7/16/21,21-SP2,9A,,211,,,,,,
7/16/21,21-SP2,9A,,21,,,,,,
7/16/21,21-SP2,9A,,20,,,,,,
7/16/21,21-SP2,9A,,2,,4,,,,
7/16/21,21-SP2,9A,,2,,,,,,
7/16/21,21-SP2,9A,,0,,,,,,
7/16/21,21-SP2,9A,,1,,,,,,
7/16/21,21-SP2,9A,,10,,,,,,
7/16/21,21-SP2,9A,,1,,,,,,
7/16/21,21-SP2,9A,,0,,,,,,
7/16/21,21-SP2,9A,,2,,,,,,
7/16/21,21-SP2,9A,,20,,,,,,
7/16/21,21-SP2,9A,,21,,,,,,
7/16/21,21-SP2,9A,,211,,,,,,
7/16/21,21-SP2,9A,14:11,2112,,,,,inspect,
7/16/21,21-SP2,9A,,211,,,,,,
7/16/21,21-SP2,9A,,21,,,,,,
7/16/21,21-SP2,9A,,20,,,,,,
7/16/21,21-SP2,9A,,21,,,,,,
7/16/21,21-SP2,9A,,211,,,,,,
7/16/21,21-SP2,9A,,2111,,,,,,
7/16/21,21-SP2,9A,,211,,,,,,
7/16/21,21-SP2,9A,,21,,,,,,
7/16/21,21-SP2,9A,,20,,,,,,
7/16/21,21-SP2,9A,,2,,,,,,
7/16/21,21-SP2,9A,,4,,,,,,
7/16/21,21-SP2,9A,,6,,,,,,
7/16/21,21-SP2,9A,,8,,,,,,
7/16/21,21-SP2,9A,14:14,81,,,,,inspect,
7/16/21,21-SP2,9A,,8,,,,,,
7/16/21,21-SP2,9A,14:16,82,,,,,inspect,
7/16/21,21-SP2,9A,,8,,,,,,
7/16/21,21-SP2,9A,,6,,60,,,,
7/16/21,21-SP2,9A,,6,,,,,,
7/16/21,21-SP2,9A,,4,,,,,,
7/16/21,21-SP2,9A,,40,,,,,,
7/16/21,21-SP2,9A,,42,,40,,,,
7/16/21,21-SP2,9A,,42,,,,,,
7/16/21,21-SP2,9A,14:16,422,,,,,inspect,
7/16/21,21-SP2,9A,,42,,,,,,
7/16/21,21-SP2,9A,,421,,,,,,
7/16/21,21-SP2,9A,,42,,40,,,,
7/16/21,21-SP2,9A,,42,,,,,,
7/16/21,21-SP2,9A,,421,,,,,,
7/16/21,21-SP2,9A,,42,,,,,,
7/16/21,21-SP2,9A,14:17,422,,,,,inspect,
7/16/21,21-SP2,9A,,42,,,,,,
7/16/21,21-SP2,9A,,40,,,,,,
7/16/21,21-SP2,9A,,41,,,,,,
7/16/21,21-SP2,9A,14:18,412,,,,,Inspect,
7/16/21,21-SP2,9A,,41,,,,,,
7/16/21,21-SP2,9A,,411,,,,,,
7/16/21,21-SP2,9A,,41,,,,,,
7/16/21,21-SP2,9A,,412,,,,,,
7/16/21,21-SP2,9A,,41,,,,,,
7/16/21,21-SP2,9A,,40,,,,,,
7/16/21,21-SP2,9A,,4,,,,,,
7/16/21,21-SP2,9A,,2,,4,,,,
7/16/21,21-SP2,9A,,2,,4,,,,
7/16/21,21-SP2,9A,,2,,,,,,
7/16/21,21-SP2,9A,,0,,,,,,
7/16/21,21-SP2,9A,,1,,,,,,
7/16/21,21-SP2,9A,,10,,,,,,
7/16/21,21-SP2,9A,,1,,,,,,
7/16/21,21-SP2,9A,,3,,,,,,
7/16/21,21-SP2,9A,,5,,,,,,
7/16/21,21-SP2,9A,,3,,,,,,
7/16/21,21-SP2,9A,,30,,,,,,
7/16/21,21-SP2,9A,,32,,,,,,
7/16/21,21-SP2,9A,,322,,,,,,
7/16/21,21-SP2,9A,,32,,,,,,
7/16/21,21-SP2,9A,14:19,321,,,,,inspect,
7/16/21,21-SP2,9A,,32,,,,,,
7/16/21,21-SP2,9A,,30,,,,,,
7/16/21,21-SP2,9A,,31,,,,,,
7/16/21,21-SP2,9A,14:21,312,,,,,inspect,
7/16/21,21-SP2,9A,,31,,,,,,
7/16/21,21-SP2,9A,14:21,311,,,,,inspect,
7/16/21,21-SP2,9A,,31,,,,,,
7/16/21,21-SP2,9A,,311,,,,,,
7/16/21,21-SP2,9A,,31,,,,,,
7/16/21,21-SP2,9A,,312,,,,,,
7/16/21,21-SP2,9A,,31,,,,,,
7/16/21,21-SP2,9A,,30,,,,,,
7/16/21,21-SP2,9A,,32,,,,,,
7/16/21,21-SP2,9A,14:22,321,,,,,inspect,
7/16/21,21-SP2,9A,,32,,,,,,
7/16/21,21-SP2,9A,,322,,,,,,
7/16/21,21-SP2,9A,,32,,,,,,
7/16/21,21-SP2,9A,14:22,321,,,,,inspect,
7/16/21,21-SP2,9A,,32,,,,,,
7/16/21,21-SP2,9A,,30,,,,,,
7/16/21,21-SP2,9A,,3,,5,,,,
7/16/21,21-SP2,9A,,3,,,,,,
7/16/21,21-SP2,9A,,30,,,,,,
7/16/21,21-SP2,9A,,32,,,,,,
7/16/21,21-SP2,9A,,321,,,,,,
7/16/21,21-SP2,9A,,32,,,,,,
7/16/21,21-SP2,9A,,30,,,,,,
7/16/21,21-SP2,9A,,31,,,,,,
7/16/21,21-SP2,9A,,312,,,,,,
7/16/21,21-SP2,9A,,31,,,,,,
7/16/21,21-SP2,9A,,311,,,,,,
7/16/21,21-SP2,9A,,31,,,,,,
7/16/21,21-SP2,9A,,30,,,,,,
7/16/21,21-SP2,9A,,31,,,,,,
7/16/21,21-SP2,9A,,312,,,,,,
7/16/21,21-SP2,9A,,31,,,,,,
7/16/21,21-SP2,9A,14:24,311,,,,,inspect,
7/16/21,21-SP2,9A,,31,,,,,,
7/16/21,21-SP2,9A,,30,,,,,,
7/16/21,21-SP2,9A,,32,,,,,,
7/16/21,21-SP2,9A,,321,,,,,,
7/16/21,21-SP2,9A,,32,,,,,,
7/16/21,21-SP2,9A,,322,,,,,,
7/16/21,21-SP2,9A,,32,,,,,,
7/16/21,21-SP2,9A,14:25,321,,,,,inspect,
7/16/21,21-SP2,9A,,32,,,,,,
7/16/21,21-SP2,9A,,322,,,,,,
7/16/21,21-SP2,9A,,32,,,,,,
7/16/21,21-SP2,9A,,30,,,,,,
7/16/21,21-SP2,9A,,3,,,,,,
7/16/21,21-SP2,9A,14:26,5,,,,,timed out,
7/16/21,21-SP2,9B,14:31,0,,,,,,
7/16/21,21-SP2,9B,,1,,,,,,
7/16/21,21-SP2,9B,,0,,-1,,,,
7/16/21,21-SP2,9B,,0,,,,,,
7/16/21,21-SP2,9B,,2,,20,,,,
7/16/21,21-SP2,9B,,2,,,,,,
7/16/21,21-SP2,9B,,0,,,,,,
7/16/21,21-SP2,9B,,1,,3,,,,
7/16/21,21-SP2,9B,,1,,,,,,
7/16/21,21-SP2,9B,,0,,-1,,,,
7/16/21,21-SP2,9B,,0,,2,,,,
7/16/21,21-SP2,9B,,0,,,,,,
7/16/21,21-SP2,9B,,1,,,,,,
7/16/21,21-SP2,9B,,10,,,,,,
7/16/21,21-SP2,9B,,12,,122,,,,
7/16/21,21-SP2,9B,,12,,,,,,
7/16/21,21-SP2,9B,,121,,,,,,
7/16/21,21-SP2,9B,,1212,,,,,,
7/16/21,21-SP2,9B,,121,,,,,,
7/16/21,21-SP2,9B,14:34,1212,,,,,inspect,
7/16/21,21-SP2,9B,,121,,,,,,
7/16/21,21-SP2,9B,,12,,,,,,
7/16/21,21-SP2,9B,,10,,1,,,,
7/16/21,21-SP2,9B,,10,,,,,,
7/16/21,21-SP2,9B,,12,,,,,,
7/16/21,21-SP2,9B,,121,,,,,,
7/16/21,21-SP2,9B,,1212,,,,,,
7/16/21,21-SP2,9B,,121,,,,,,
7/16/21,21-SP2,9B,14:36,1211,,,,,inspect,
7/16/21,21-SP2,9B,,121,,,,,,
7/16/21,21-SP2,9B,,12,,10,,,,
7/16/21,21-SP2,9B,,12,,,,,,
7/16/21,21-SP2,9B,,122,,,,,,
7/16/21,21-SP2,9B,,1222,,,,,,
7/16/21,21-SP2,9B,,122,,,,,,
7/16/21,21-SP2,9B,14:37,1221,,,,,inspect,
7/16/21,21-SP2,9B,,122,,,,,,
7/16/21,21-SP2,9B,,12,,,,,,
7/16/21,21-SP2,9B,,121,,,,,,
7/16/21,21-SP2,9B,,1212,,,,,,
7/16/21,21-SP2,9B,,121,,,,,,
7/16/21,21-SP2,9B,,1211,,,,,,
7/16/21,21-SP2,9B,,121,,,,,,
7/16/21,21-SP2,9B,,12,,,,,,
7/16/21,21-SP2,9B,,10,,1,,,,
7/16/21,21-SP2,9B,,10,,,,,,
7/16/21,21-SP2,9B,,12,,,,,,
7/16/21,21-SP2,9B,,122,,,,,,
7/16/21,21-SP2,9B,14:38,1222,,,,,inspect,
7/16/21,21-SP2,9B,,122,,,,,,
7/16/21,21-SP2,9B,,12,,,,,,
7/16/21,21-SP2,9B,,122,,,,,,
7/16/21,21-SP2,9B,14:38,1221,,,,,inspect,
7/16/21,21-SP2,9B,,122,,,,,,
7/16/21,21-SP2,9B,14:39,1222,,,,,inspect,
7/16/21,21-SP2,9B,,122,,,,,,
7/16/21,21-SP2,9B,,12,,,,,,
7/16/21,21-SP2,9B,,10,,,,,,
7/16/21,21-SP2,9B,,1,,,,,,
7/16/21,21-SP2,9B,,3,,5,,,,
7/16/21,21-SP2,9B,,3,,,,,,
7/16/21,21-SP2,9B,,30,,,,,,
7/16/21,21-SP2,9B,,32,,,,,,
7/16/21,21-SP2,9B,,322,,,,,,
7/16/21,21-SP2,9B,,32,,,,,,
7/16/21,21-SP2,9B,14:41,321,,,,,inspect,
7/16/21,21-SP2,9B,,32,,,,,,
7/16/21,21-SP2,9B,,322,,,,,,
7/16/21,21-SP2,9B,,32,,,,,,
7/16/21,21-SP2,9B,,30,,,,,,
7/16/21,21-SP2,9B,,31,,,,,,
7/16/21,21-SP2,9B,14:41,312,,,,,inspect,
7/16/21,21-SP2,9B,,31,,,,,,
7/16/21,21-SP2,9B,,312,,,,,,
7/16/21,21-SP2,9B,,31,,,,,,
7/16/21,21-SP2,9B,,311,,,,,,
7/16/21,21-SP2,9B,,31,,,,,,
7/16/21,21-SP2,9B,,30,,3,,,,
7/16/21,21-SP2,9B,,30,,,,,,
7/16/21,21-SP2,9B,,32,,,,,,
7/16/21,21-SP2,9B,,322,,,,,,
7/16/21,21-SP2,9B,,32,,,,,,
7/16/21,21-SP2,9B,14:43,321,,,,,inspect,
7/16/21,21-SP2,9B,,32,,,,,,
7/16/21,21-SP2,9B,,321,,,,,,
7/16/21,21-SP2,9B,,32,,,,,,
7/16/21,21-SP2,9B,14:44,322,,,,,inspect,
7/16/21,21-SP2,9B,,32,,,,,,
7/16/21,21-SP2,9B,,30,,,,,,
7/16/21,21-SP2,9B,,3,,,,,,
7/16/21,21-SP2,9B,,5,,,,,,
7/16/21,21-SP2,9B,,50,,,,,,
7/16/21,21-SP2,9B,14:45,51,,,,,inspect,
7/16/21,21-SP2,9B,,50,,,,,,
7/16/21,21-SP2,9B,,52,,,,,,
7/16/21,21-SP2,9B,,50,,,,,,
7/16/21,21-SP2,9B,,5,,,,,,
7/16/21,21-SP2,9B,,7,,,,,,
7/16/21,21-SP2,9B,,71,,,,,,
7/16/21,21-SP2,9B,,7,,,,,,
7/16/21,21-SP2,9B,,3,,30,,,,
7/16/21,21-SP2,9B,,3,,,,,,
7/16/21,21-SP2,9B,,1,,,,,,
7/16/21,21-SP2,9B,,10,,,,,,
7/16/21,21-SP2,9B,,11,,,,,,
7/16/21,21-SP2,9B,,111,,,,,,
7/16/21,21-SP2,9B,14:48,1111,,,,,inspect,
7/16/21,21-SP2,9B,,111,,,,,,
7/16/21,21-SP2,9B,,1112,,,,,,
7/16/21,21-SP2,9B,,111,,,,,,
7/16/21,21-SP2,9B,,11,,,,,,
7/16/21,21-SP2,9B,,10,,,,,,
7/16/21,21-SP2,9B,,1,,,,,,
7/16/21,21-SP2,9B,,3,,,,,,
7/16/21,21-SP2,9B,,30,,,,,,
7/16/21,21-SP2,9B,,31,,,,,,
7/16/21,21-SP2,9B,14:49,311,,,,,inspect,
7/16/21,21-SP2,9B,14:49,312,,,,,inspect (ILLEGAL JUMP),
7/16/21,21-SP2,9B,,31,,,,,,
7/16/21,21-SP2,9B,,30,,,,,,
7/16/21,21-SP2,9B,,32,,,,,,
7/16/21,21-SP2,9B,,321,,,,,,
7/16/21,21-SP2,9B,,32,,,,,,
7/16/21,21-SP2,9B,14:50,322,,,,,inspect,
7/16/21,21-SP2,9B,,32,,,,,,
7/16/21,21-SP2,9B,,30,,,,,,
7/16/21,21-SP2,9B,,3,,,,,,
7/16/21,21-SP2,9B,,5,,,,,,
7/16/21,21-SP2,9B,,50,,,,,,
7/16/21,21-SP2,9B,14:50,52,,,,,inspect,
7/16/21,21-SP2,9B,,50,,,,,,
7/16/21,21-SP2,9B,14:51,51,,,,,inspect,